Plan,Employee,Role,Requirement,Source,included (Python),included (GenAI),included match,mandatory (Python),mandatory (GenAI),mandatory match,priority (Python),priority (GenAI),priority match,due_stage (Python),due_stage (GenAI),due_stage match,module_category (Python),module_category (GenAI),module_category match,source_document (Python),source_document (GenAI),source_document match,source_section (Python),source_section (GenAI),source_section match,task (Python),task (GenAI),task match,assessment_topic (Python),assessment_topic (GenAI),assessment_topic match,All fields match,Coverage,Traceability,Validation status,Explanation
P-E001 v1,Leila Haddad,FOA,R-CMP-01-001,CMP-01 §2.1,Yes,Yes,Match,Yes,Yes,Match,High,High,Match,D1,D1,Match,Fire & Life Safety,Fire & Life Safety,Match,CMP-01,CMP-01,Match,2.1,2.1,Match,,,,Yes,Yes,Match,Yes,Covered,Traced,Verified,GenAI and the matrix agree on every compared field.
P-E001 v1,Leila Haddad,FOA,R-CMP-01-002,CMP-01 §2.2,Yes,Yes,Match,Yes,Yes,Match,High,High,Match,W1,W1,Match,Data Privacy,Data Privacy,Match,CMP-01,CMP-01,Match,2.2,2.2,Match,,,,,,,Yes,Covered,Traced,Verified,GenAI and the matrix agree on every compared field.
P-E001 v1,Leila Haddad,FOA,R-CMP-01-003,CMP-01 §2.3,Yes,Yes,Match,Yes,Yes,Match,High,High,Match,W1,W1,Match,General,Information Security,Mismatch,CMP-01,CMP-01,Match,2.3,2.3,Match,,,,,,,No,Covered,Traced,Verified,"module category: GenAI 'Information Security', matrix 'General' (CMP-01 §2.3)."
P-E001 v1,Leila Haddad,FOA,R-CMP-01-004,CMP-01 §3.1,Yes,Yes,Match,Yes,Yes,Match,Medium,High,Mismatch,D30,D30,Match,Company Orientation,HR Essentials,Mismatch,CMP-01,CMP-01,Match,3.1,3.1,Match,,,,Yes,Yes,Match,No,Covered,Traced,Verified,"priority: GenAI 'High', matrix 'Medium'; module category: GenAI 'HR Essentials', matrix 'Company Orientation' (CMP-01 §3.1)."
P-E001 v1,Leila Haddad,FOA,R-CMP-01-005,CMP-01 §3.3,Yes,Yes,Match,Yes,Yes,Match,Medium,Medium,Match,W2,D30,Mismatch,Company Orientation,HR Essentials,Mismatch,CMP-01,CMP-01,Match,3.3,3.3,Match,,,,Yes,Yes,Match,No,Covered,Traced,Verified,"due stage: GenAI 'D30', matrix 'W2'; module category: GenAI 'HR Essentials', matrix 'Company Orientation' (CMP-01 §3.3)."
P-E001 v1,Leila Haddad,FOA,R-CMP-01-006,CMP-01 §4.1,Yes,No,Mismatch,,,,,,,,,,,,,,,,,,,,,,,,,No,Missing,Traced,Requirement Missing,"The matrix expects R-CMP-01-006 (mandatory, CMP-01 §4.1); GenAI left it out."
P-E001 v1,Leila Haddad,FOA,R-COC-01-001,COC-01 §1.3,Yes,Yes,Match,Yes,Yes,Match,High,High,Match,D1,D1,Match,Workplace Conduct,Workplace Conduct,Match,COC-01,COC-01,Match,1.3,1.3,Match,,,,,,,Yes,Covered,Traced,Verified,GenAI and the matrix agree on every compared field.
P-E001 v1,Leila Haddad,FOA,R-COC-01-002,COC-01 §2.1,Yes,Yes,Match,Yes,Yes,Match,High,High,Match,W1,D1,Mismatch,Workplace Conduct,Workplace Conduct,Match,COC-01,COC-01,Match,2.1,2.1,Match,,,,Yes,Yes,Match,No,Covered,Traced,Verified,"due stage: GenAI 'D1', matrix 'W1' (COC-01 §2.1)."
P-E001 v1,Leila Haddad,FOA,R-COC-01-003,COC-01 §3.2,Yes,Yes,Match,Yes,Yes,Match,Medium,Medium,Match,W2,D1,Mismatch,Workplace Conduct,Workplace Conduct,Match,COC-01,COC-01,Match,3.2,3.2,Match,,,,Yes,Yes,Match,No,Covered,Traced,Verified,"due stage: GenAI 'D1', matrix 'W2' (COC-01 §3.2)."
P-E001 v1,Leila Haddad,FOA,R-COC-01-004,COC-01 §4.1,Yes,Yes,Match,Yes,Yes,Match,Medium,High,Mismatch,W2,D1,Mismatch,Workplace Conduct,Workplace Conduct,Match,COC-01,COC-01,Match,4.1,4.1,Match,,,,Yes,Yes,Match,No,Covered,Traced,Verified,"priority: GenAI 'High', matrix 'Medium'; due stage: GenAI 'D1', matrix 'W2' (COC-01 §4.1)."
P-E001 v1,Leila Haddad,FOA,R-COC-01-006,COC-01 §5.1,Yes,Yes,Match,Yes,Yes,Match,High,High,Match,W1,D1,Mismatch,Incident Management,Information Security,Mismatch,COC-01,COC-01,Match,5.1,5.1,Match,,,,Yes,Yes,Match,No,Covered,Traced,Verified,"due stage: GenAI 'D1', matrix 'W1'; module category: GenAI 'Information Security', matrix 'Incident Management' (COC-01 §5.1)."
P-E001 v1,Leila Haddad,FOA,R-COC-01-007,COC-01 §6.3,Yes,Yes,Match,Yes,Yes,Match,Medium,Medium,Match,W2,W1,Mismatch,Workplace Conduct,Workplace Conduct,Match,COC-01,COC-01,Match,6.3,6.3,Match,,,,Yes,Yes,Match,No,Covered,Traced,Verified,"due stage: GenAI 'W1', matrix 'W2' (COC-01 §6.3)."
P-E001 v1,Leila Haddad,FOA,R-ESC-01-001,ESC-01 §2.1,Yes,Yes,Match,Yes,Yes,Match,High,High,Match,W1,D1,Mismatch,Health & Safety,Health & Safety,Match,ESC-01,ESC-01,Match,2.1,2.1,Match,,,,Yes,Yes,Match,No,Covered,Traced,Verified with Warning,"due stage: GenAI 'D1', matrix 'W1' (ESC-01 §2.1)."
P-E001 v1,Leila Haddad,FOA,R-ESC-01-003,ESC-01 §3.1,No,Yes,Mismatch,,,,,,,,,,,,,,,,,,,,,,,,,No,Included,Traced,Unsupported Requirement,"GenAI included R-ESC-01-003, but the matrix does not expect it for this employee (another role or a condition that does not apply)."
P-E001 v1,Leila Haddad,FOA,R-ESC-01-004,ESC-01 §3.2,No,Yes,Mismatch,,,,,,,,,,,,,,,,,,,,,,,,,No,Included,Traced,Unsupported Requirement,"GenAI included R-ESC-01-004, but the matrix does not expect it for this employee (another role or a condition that does not apply)."
P-E001 v1,Leila Haddad,FOA,R-ESC-01-005,ESC-01 §4.1,Yes,Yes,Match,Yes,Yes,Match,High,High,Match,W1,D1,Mismatch,Incident Management,Workplace Conduct,Mismatch,ESC-01,ESC-01,Match,4.1,4.1,Match,,,,Yes,Yes,Match,No,Covered,Traced,Verified,"due stage: GenAI 'D1', matrix 'W1'; module category: GenAI 'Workplace Conduct', matrix 'Incident Management' (ESC-01 §4.1)."
P-E001 v1,Leila Haddad,FOA,R-FAQ-01-002,FAQ-01 §Q7,Yes,Yes,Match,Yes,Yes,Match,Medium,Medium,Match,W2,D1,Mismatch,Workplace Conduct,HR Essentials,Mismatch,FAQ-01,FAQ-01,Match,Q7,Q7,Match,,,,Yes,Yes,Match,No,Covered,Traced,Verified,"due stage: GenAI 'D1', matrix 'W2'; module category: GenAI 'HR Essentials', matrix 'Workplace Conduct' (FAQ-01 §Q7)."
P-E001 v1,Leila Haddad,FOA,R-FAQ-01-004,FAQ-01 §Q15,Yes,Yes,Match,No,No,Match,Low,Low,Match,D30,W1,Mismatch,General,Front Office Operations,Mismatch,FAQ-01,FAQ-01,Match,Q15,Q15,Match,,,,,,,No,Included,Traced,Verified,"due stage: GenAI 'W1', matrix 'D30'; module category: GenAI 'Front Office Operations', matrix 'General' (FAQ-01 §Q15)."
P-E001 v1,Leila Haddad,FOA,R-FIN-01-001,FIN-01 §2.1,Yes,No,Mismatch,,,,,,,,,,,,,,,,,,,,,,,,,No,Missing,Traced,Requirement Missing,"The matrix expects R-FIN-01-001 (mandatory, FIN-01 §2.1); GenAI left it out."
P-E001 v1,Leila Haddad,FOA,R-FIN-01-002,FIN-01 §2.4,Yes,No,Mismatch,,,,,,,,,,,,,,,,,,,,,,,,,No,Missing,Traced,Requirement Missing,"The matrix expects R-FIN-01-002 (mandatory, FIN-01 §2.4); GenAI left it out."
P-E001 v1,Leila Haddad,FOA,R-FIN-01-003,FIN-01 §3.1,Yes,No,Mismatch,,,,,,,,,,,,,,,,,,,,,,,,,No,Missing,Traced,Requirement Missing,"The matrix expects R-FIN-01-003 (mandatory, FIN-01 §3.1); GenAI left it out."
P-E001 v1,Leila Haddad,FOA,R-FIN-01-004,FIN-01 §4.2,Yes,No,Mismatch,,,,,,,,,,,,,,,,,,,,,,,,,No,Missing,Traced,Requirement Missing,"The matrix expects R-FIN-01-004 (mandatory, FIN-01 §4.2); GenAI left it out."
P-E001 v1,Leila Haddad,FOA,R-FIN-01-005,FIN-01 §5.2,Yes,No,Mismatch,,,,,,,,,,,,,,,,,,,,,,,,,No,Missing,Traced,Requirement Missing,"The matrix expects R-FIN-01-005 (mandatory, FIN-01 §5.2); GenAI left it out."
P-E001 v1,Leila Haddad,FOA,R-FLS-01-001,FLS-01 §1.2,Yes,Yes,Match,Yes,Yes,Match,High,High,Match,D1,D1,Match,Fire & Life Safety,Fire & Life Safety,Match,FLS-01,FLS-01,Match,1.2,1.2,Match,,,,,,,Yes,Covered,Traced,Verified,GenAI and the matrix agree on every compared field.
P-E001 v1,Leila Haddad,FOA,R-FLS-01-002,FLS-01 §1.3,Yes,Yes,Match,Yes,Yes,Match,High,High,Match,W1,D1,Mismatch,Fire & Life Safety,Fire & Life Safety,Match,FLS-01,FLS-01,Match,1.3,1.3,Match,,,,Yes,Yes,Match,No,Covered,Traced,Verified,"due stage: GenAI 'D1', matrix 'W1' (FLS-01 §1.3)."
P-E001 v1,Leila Haddad,FOA,R-FLS-01-003,FLS-01 §2.1,Yes,Yes,Match,Yes,Yes,Match,High,High,Match,W1,D1,Mismatch,Fire & Life Safety,Fire & Life Safety,Match,FLS-01,FLS-01,Match,2.1,2.1,Match,,,,Yes,Yes,Match,No,Covered,Traced,Verified,"due stage: GenAI 'D1', matrix 'W1' (FLS-01 §2.1)."
P-E001 v1,Leila Haddad,FOA,R-FLS-01-004,FLS-01 §3.1,Yes,Yes,Match,Yes,Yes,Match,High,Medium,Mismatch,D90,D90,Match,Fire & Life Safety,Fire & Life Safety,Match,FLS-01,FLS-01,Match,3.1,3.1,Match,,,,,,,No,Covered,Traced,Verified with Warning,"priority: GenAI 'Medium', matrix 'High' (FLS-01 §3.1)."
P-E001 v1,Leila Haddad,FOA,R-FLS-01-005,FLS-01 §3.4,Yes,No,Mismatch,,,,,,,,,,,,,,,,,,,,,,,,,No,Missing,Traced,Requirement Missing,"The matrix expects R-FLS-01-005 (mandatory, FLS-01 §3.4); GenAI left it out."
P-E001 v1,Leila Haddad,FOA,R-FLS-01-007,FLS-01 §5.1,Yes,Yes,Match,Yes,Yes,Match,High,High,Match,W1,D1,Mismatch,Fire & Life Safety,Front Office Operations,Mismatch,FLS-01,FLS-01,Match,5.1,5.1,Match,,,,Yes,Yes,Match,No,Covered,Traced,Verified,"due stage: GenAI 'D1', matrix 'W1'; module category: GenAI 'Front Office Operations', matrix 'Fire & Life Safety' (FLS-01 §5.1)."
P-E001 v1,Leila Haddad,FOA,R-GDP-01-001,GDP-01 §2.1,Yes,Yes,Match,Yes,Yes,Match,High,High,Match,W1,W1,Match,Data Privacy,Data Privacy,Match,GDP-01,GDP-01,Match,2.1,2.1,Match,,,,,,,Yes,Covered,Traced,Verified,GenAI and the matrix agree on every compared field.
P-E001 v1,Leila Haddad,FOA,R-GDP-01-002,GDP-01 §3.1,Yes,Yes,Match,Yes,Yes,Match,High,High,Match,W1,D1,Mismatch,Data Privacy,Data Privacy,Match,GDP-01,GDP-01,Match,3.1,3.1,Match,,,,Yes,Yes,Match,No,Covered,Traced,Verified,"due stage: GenAI 'D1', matrix 'W1' (GDP-01 §3.1)."
P-E001 v1,Leila Haddad,FOA,R-GDP-01-003,GDP-01 §4.1,Yes,Yes,Match,Yes,Yes,Match,High,High,Match,W1,D1,Mismatch,Data Privacy,Data Privacy,Match,GDP-01,GDP-01,Match,4.1,4.1,Match,,,,Yes,Yes,Match,No,Covered,Traced,Verified,"due stage: GenAI 'D1', matrix 'W1' (GDP-01 §4.1)."
P-E001 v1,Leila Haddad,FOA,R-GDP-01-004,GDP-01 §4.2,Yes,Yes,Match,Yes,Yes,Match,High,High,Match,W1,W1,Match,Data Privacy,Data Privacy,Match,GDP-01,GDP-01,Match,4.2,4.2,Match,,,,Yes,Yes,Match,Yes,Covered,Traced,Verified,GenAI and the matrix agree on every compared field.
P-E001 v1,Leila Haddad,FOA,R-GDP-01-005,GDP-01 §5.1,Yes,Yes,Match,Yes,Yes,Match,High,High,Match,W1,D1,Mismatch,Data Privacy,Data Privacy,Match,GDP-01,GDP-01,Match,5.1,5.1,Match,,,,Yes,Yes,Match,No,Covered,Traced,Verified,"due stage: GenAI 'D1', matrix 'W1' (GDP-01 §5.1)."
P-E001 v1,Leila Haddad,FOA,R-GDP-01-007,GDP-01 §6.1,Yes,Yes,Match,Yes,Yes,Match,High,High,Match,W1,D1,Mismatch,HR Operations,Data Privacy,Mismatch,GDP-01,GDP-01,Match,6.1,6.1,Match,,,,Yes,Yes,Match,No,Covered,Traced,Verified,"due stage: GenAI 'D1', matrix 'W1'; module category: GenAI 'Data Privacy', matrix 'HR Operations' (GDP-01 §6.1)."
P-E001 v1,Leila Haddad,FOA,R-GDP-01-008,GDP-01 §7.1,Yes,Yes,Match,Yes,Yes,Match,High,High,Match,W1,D1,Mismatch,Data Privacy,Data Privacy,Match,GDP-01,GDP-01,Match,7.1,7.1,Match,,,,Yes,Yes,Match,No,Covered,Traced,Verified,"due stage: GenAI 'D1', matrix 'W1' (GDP-01 §7.1)."
P-E001 v1,Leila Haddad,FOA,R-GDP-01-009,GDP-01 §4.5,Yes,Yes,Match,Yes,Yes,Match,High,High,Match,W1,D1,Mismatch,Data Privacy,Data Privacy,Match,GDP-01,GDP-01,Match,4.5,4.5,Match,,,,Yes,Yes,Match,No,Covered,Traced,Verified,"due stage: GenAI 'D1', matrix 'W1' (GDP-01 §4.5)."
P-E001 v1,Leila Haddad,FOA,R-HBK-01-001,HBK-01 §1.2,Yes,Yes,Match,Yes,Yes,Match,High,High,Match,D1,D1,Match,Company Orientation,HR Essentials,Mismatch,HBK-01,HBK-01,Match,1.2,1.2,Match,,,,,,,No,Covered,Traced,Verified,"module category: GenAI 'HR Essentials', matrix 'Company Orientation' (HBK-01 §1.2)."
P-E001 v1,Leila Haddad,FOA,R-HBK-01-002,HBK-01 §2.1,Yes,Yes,Match,Yes,Yes,Match,High,High,Match,D1,D1,Match,Company Orientation,HR Essentials,Mismatch,HBK-01,HBK-01,Match,2.1,2.1,Match,,,,,,,No,Covered,Traced,Verified,"module category: GenAI 'HR Essentials', matrix 'Company Orientation' (HBK-01 §2.1)."
P-E001 v1,Leila Haddad,FOA,R-HBK-01-003,HBK-01 §2.4,Yes,Yes,Match,Yes,Yes,Match,Medium,High,Mismatch,W2,D1,Mismatch,Company Orientation,HR Essentials,Mismatch,HBK-01,HBK-01,Match,2.4,2.4,Match,,,,Yes,Yes,Match,No,Covered,Traced,Verified,"priority: GenAI 'High', matrix 'Medium'; due stage: GenAI 'D1', matrix 'W2'; module category: GenAI 'HR Essentials', matrix 'Company Orientation' (HBK-01 §2.4)."
P-E001 v1,Leila Haddad,FOA,R-HBK-01-004,HBK-01 §3.2,Yes,Yes,Match,No,No,Match,Low,Medium,Mismatch,D30,D30,Match,Company Orientation,Company Orientation,Match,HBK-01,HBK-01,Match,3.2,3.2,Match,,,,,,,No,Included,Traced,Verified,"priority: GenAI 'Medium', matrix 'Low' (HBK-01 §3.2)."
P-E001 v1,Leila Haddad,FOA,R-HRP-01-001,HRP-01 §2.1,Yes,Yes,Match,Yes,Yes,Match,Medium,High,Mismatch,W1,D30,Mismatch,HR Essentials,HR Operations,Mismatch,HRP-01,HRP-01,Match,2.1,2.1,Match,,,,,,,No,Covered,Traced,Verified with Warning,"priority: GenAI 'High', matrix 'Medium'; due stage: GenAI 'D30', matrix 'W1'; module category: GenAI 'HR Operations', matrix 'HR Essentials' (HRP-01 §2.1)."
P-E001 v1,Leila Haddad,FOA,R-HRP-01-002,HRP-01 §2.3,Yes,Yes,Match,Yes,Yes,Match,Medium,Medium,Match,W1,D30,Mismatch,Front Office Operations,HR Operations,Mismatch,HRP-01,HRP-01,Match,2.3,2.3,Match,,,,,,,No,Covered,Traced,Verified,"due stage: GenAI 'D30', matrix 'W1'; module category: GenAI 'HR Operations', matrix 'Front Office Operations' (HRP-01 §2.3)."
P-E001 v1,Leila Haddad,FOA,R-HRP-01-003,HRP-01 §3.1,Yes,Yes,Match,Yes,Yes,Match,Medium,High,Mismatch,W2,D1,Mismatch,HR Essentials,HR Operations,Mismatch,HRP-01,HRP-01,Match,3.1,3.1,Match,,,,Yes,Yes,Match,No,Covered,Traced,Verified,"priority: GenAI 'High', matrix 'Medium'; due stage: GenAI 'D1', matrix 'W2'; module category: GenAI 'HR Operations', matrix 'HR Essentials' (HRP-01 §3.1)."
P-E001 v1,Leila Haddad,FOA,R-HRP-01-005,HRP-01 §4.2,Yes,Yes,Match,Yes,Yes,Match,Medium,High,Mismatch,W2,D1,Mismatch,HR Essentials,HR Operations,Mismatch,HRP-01,HRP-01,Match,4.2,4.2,Match,,,,Yes,Yes,Match,No,Covered,Traced,Verified,"priority: GenAI 'High', matrix 'Medium'; due stage: GenAI 'D1', matrix 'W2'; module category: GenAI 'HR Operations', matrix 'HR Essentials' (HRP-01 §4.2)."
P-E001 v1,Leila Haddad,FOA,R-HRP-01-006,HRP-01 §5.1,Yes,Yes,Match,Yes,Yes,Match,Medium,Low,Mismatch,W2,W1,Mismatch,HR Essentials,HR Operations,Mismatch,HRP-01,HRP-01,Match,5.1,5.1,Match,,,,Yes,Yes,Match,No,Covered,Traced,Verified,"priority: GenAI 'Low', matrix 'Medium'; due stage: GenAI 'W1', matrix 'W2'; module category: GenAI 'HR Operations', matrix 'HR Essentials' (HRP-01 §5.1)."
P-E001 v1,Leila Haddad,FOA,R-HRP-01-007,HRP-01 §6.2,Yes,Yes,Match,No,No,Match,Low,Low,Match,D30,D90,Mismatch,HR Essentials,HR Operations,Mismatch,HRP-01,HRP-01,Match,6.2,6.2,Match,,,,,,,No,Included,Traced,Verified,"due stage: GenAI 'D90', matrix 'D30'; module category: GenAI 'HR Operations', matrix 'HR Essentials' (HRP-01 §6.2)."
P-E001 v1,Leila Haddad,FOA,R-HSP-01-002,HSP-01 §3.1,Yes,Yes,Match,Yes,Yes,Match,High,Medium,Mismatch,W1,D1,Mismatch,Health & Safety,Health & Safety,Match,HSP-01,HSP-01,Match,3.1,3.1,Match,,,,Yes,Yes,Match,No,Covered,Traced,Verified,"priority: GenAI 'Medium', matrix 'High'; due stage: GenAI 'D1', matrix 'W1' (HSP-01 §3.1)."
P-E001 v1,Leila Haddad,FOA,R-HSP-01-003,HSP-01 §3.3,Yes,Yes,Match,Yes,Yes,Match,High,High,Match,W1,W1,Match,Health & Safety,Health & Safety,Match,HSP-01,HSP-01,Match,3.3,3.3,Match,,,,,,,Yes,Covered,Traced,Verified with Warning,GenAI and the matrix agree on every compared field.
P-E001 v1,Leila Haddad,FOA,R-HSP-01-004,HSP-01 §4.1,Yes,Yes,Match,Yes,Yes,Match,High,Medium,Mismatch,W1,D1,Mismatch,Health & Safety,Health & Safety,Match,HSP-01,HSP-01,Match,4.1,4.1,Match,,,,Yes,Yes,Match,No,Covered,Traced,Verified,"priority: GenAI 'Medium', matrix 'High'; due stage: GenAI 'D1', matrix 'W1' (HSP-01 §4.1)."
P-E001 v1,Leila Haddad,FOA,R-HSP-01-005,HSP-01 §5.2,Yes,No,Mismatch,,,,,,,,,,,,,,,,,,,,,,,,,No,Missing,Traced,Requirement Missing,"The matrix expects R-HSP-01-005 (mandatory, HSP-01 §5.2); GenAI left it out."
P-E001 v1,Leila Haddad,FOA,R-HSP-01-007,HSP-01 §5.5,Yes,No,Mismatch,,,,,,,,,,,,,,,,,,,,,,,,,No,Missing,Traced,Requirement Missing,"The matrix expects R-HSP-01-007 (mandatory, HSP-01 §5.5); GenAI left it out."
P-E001 v1,Leila Haddad,FOA,R-ISP-01-001,ISP-01 §2.1,Yes,Yes,Match,Yes,Yes,Match,High,High,Match,W1,D1,Mismatch,Information Security,Information Security,Match,ISP-01,ISP-01,Match,2.1,2.1,Match,,,,,,,No,Covered,Traced,Verified with Warning,"due stage: GenAI 'D1', matrix 'W1' (ISP-01 §2.1)."
P-E001 v1,Leila Haddad,FOA,R-ISP-01-002,ISP-01 §3.1,Yes,Yes,Match,Yes,Yes,Match,High,High,Match,W1,D1,Mismatch,Information Security,Information Security,Match,ISP-01,ISP-01,Match,3.1,3.1,Match,,,,Yes,Yes,Match,No,Covered,Traced,Verified,"due stage: GenAI 'D1', matrix 'W1' (ISP-01 §3.1)."
P-E001 v1,Leila Haddad,FOA,R-ISP-01-003,ISP-01 §3.3,Yes,Yes,Match,Yes,Yes,Match,High,High,Match,W1,D1,Mismatch,Information Security,Information Security,Match,ISP-01,ISP-01,Match,3.3,3.3,Match,,,,,,,No,Covered,Traced,Verified with Warning,"due stage: GenAI 'D1', matrix 'W1' (ISP-01 §3.3)."
P-E001 v1,Leila Haddad,FOA,R-ISP-01-004,ISP-01 §3.5,Yes,Yes,Match,Yes,Yes,Match,High,High,Match,W1,D1,Mismatch,Information Security,Information Security,Match,ISP-01,ISP-01,Match,3.5,3.5,Match,,,,Yes,Yes,Match,No,Covered,Traced,Verified,"due stage: GenAI 'D1', matrix 'W1' (ISP-01 §3.5)."
P-E001 v1,Leila Haddad,FOA,R-ISP-01-005,ISP-01 §4.2,Yes,Yes,Match,Yes,Yes,Match,High,High,Match,W1,D1,Mismatch,Information Security,Information Security,Match,ISP-01,ISP-01,Match,4.2,4.2,Match,,,,Yes,Yes,Match,No,Covered,Traced,Verified,"due stage: GenAI 'D1', matrix 'W1' (ISP-01 §4.2)."
P-E001 v1,Leila Haddad,FOA,R-ISP-01-006,ISP-01 §5.1,Yes,Yes,Match,Yes,Yes,Match,High,Medium,Mismatch,W1,W1,Match,Information Security,Information Security,Match,ISP-01,ISP-01,Match,5.1,5.1,Match,,,,Yes,Yes,Match,No,Covered,Traced,Verified,"priority: GenAI 'Medium', matrix 'High' (ISP-01 §5.1)."
P-E001 v1,Leila Haddad,FOA,R-ISP-01-007,ISP-01 §6.2,Yes,Yes,Match,Yes,Yes,Match,High,High,Match,W1,D1,Mismatch,Information Security,Data Privacy,Mismatch,ISP-01,ISP-01,Match,6.2,6.2,Match,,,,Yes,Yes,Match,No,Covered,Traced,Verified,"due stage: GenAI 'D1', matrix 'W1'; module category: GenAI 'Data Privacy', matrix 'Information Security' (ISP-01 §6.2)."
P-E001 v1,Leila Haddad,FOA,R-ISP-01-008,ISP-01 §7.1,Yes,Yes,Match,Yes,Yes,Match,High,High,Match,W1,D1,Mismatch,Incident Management,Information Security,Mismatch,ISP-01,ISP-01,Match,7.1,7.1,Match,,,,Yes,Yes,Match,No,Covered,Traced,Verified,"due stage: GenAI 'D1', matrix 'W1'; module category: GenAI 'Information Security', matrix 'Incident Management' (ISP-01 §7.1)."
P-E001 v1,Leila Haddad,FOA,R-ITA-01-001,ITA-01 §2.1,Yes,Yes,Match,Yes,Yes,Match,High,High,Match,W1,D1,Mismatch,Information Security,Information Security,Match,ITA-01,ITA-01,Match,2.1,2.1,Match,,,,Yes,Yes,Match,No,Covered,Traced,Verified,"due stage: GenAI 'D1', matrix 'W1' (ITA-01 §2.1)."
P-E001 v1,Leila Haddad,FOA,R-ITA-01-002,ITA-01 §2.3,Yes,Yes,Match,Yes,Yes,Match,Medium,High,Mismatch,W2,D1,Mismatch,IT & Systems,Information Security,Mismatch,ITA-01,ITA-01,Match,2.3,2.3,Match,,,,Yes,Yes,Match,No,Covered,Traced,Verified,"priority: GenAI 'High', matrix 'Medium'; due stage: GenAI 'D1', matrix 'W2'; module category: GenAI 'Information Security', matrix 'IT & Systems' (ITA-01 §2.3)."
P-E001 v1,Leila Haddad,FOA,R-ITA-01-004,ITA-01 §3.4,Yes,Yes,Match,Yes,Yes,Match,Medium,Medium,Match,W2,D1,Mismatch,IT & Systems,Information Security,Mismatch,ITA-01,ITA-01,Match,3.4,3.4,Match,,,,Yes,Yes,Match,No,Covered,Traced,Verified,"due stage: GenAI 'D1', matrix 'W2'; module category: GenAI 'Information Security', matrix 'IT & Systems' (ITA-01 §3.4)."
P-E001 v1,Leila Haddad,FOA,R-ITA-01-005,ITA-01 §4.1,Yes,Yes,Match,Yes,Yes,Match,Medium,High,Mismatch,W2,D1,Mismatch,IT & Systems,Information Security,Mismatch,ITA-01,ITA-01,Match,4.1,4.1,Match,,,,Yes,Yes,Match,No,Covered,Traced,Verified,"priority: GenAI 'High', matrix 'Medium'; due stage: GenAI 'D1', matrix 'W2'; module category: GenAI 'Information Security', matrix 'IT & Systems' (ITA-01 §4.1)."
P-E001 v1,Leila Haddad,FOA,R-ITA-01-006,ITA-01 §5.2,Yes,Yes,Match,No,No,Match,Low,Low,Match,D30,W1,Mismatch,IT & Systems,IT & Systems,Match,ITA-01,ITA-01,Match,5.2,5.2,Match,,,,,,,No,Included,Traced,Verified,"due stage: GenAI 'W1', matrix 'D30' (ITA-01 §5.2)."
P-E001 v1,Leila Haddad,FOA,R-LVP-01-001,LVP-01 §2.1,Yes,Yes,Match,Yes,Yes,Match,Medium,Low,Mismatch,W2,W1,Mismatch,HR Essentials,HR Operations,Mismatch,LVP-01,LVP-01,Match,2.1,2.1,Match,,,,Yes,Yes,Match,No,Covered,Traced,Verified,"priority: GenAI 'Low', matrix 'Medium'; due stage: GenAI 'W1', matrix 'W2'; module category: GenAI 'HR Operations', matrix 'HR Essentials' (LVP-01 §2.1)."
P-E001 v1,Leila Haddad,FOA,R-LVP-01-002,LVP-01 §2.4,Yes,Yes,Match,Yes,Yes,Match,Medium,Low,Mismatch,W2,W2,Match,HR Essentials,HR Operations,Mismatch,LVP-01,LVP-01,Match,2.4,2.4,Match,,,,Yes,Yes,Match,No,Covered,Traced,Verified,"priority: GenAI 'Low', matrix 'Medium'; module category: GenAI 'HR Operations', matrix 'HR Essentials' (LVP-01 §2.4)."
P-E001 v1,Leila Haddad,FOA,R-LVP-01-003,LVP-01 §3.1,Yes,Yes,Match,Yes,Yes,Match,High,Low,Mismatch,D1,W1,Mismatch,HR Essentials,HR Operations,Mismatch,LVP-01,LVP-01,Match,3.1,3.1,Match,,,,Yes,Yes,Match,No,Covered,Traced,Verified with Warning,"priority: GenAI 'Low', matrix 'High'; due stage: GenAI 'W1', matrix 'D1'; module category: GenAI 'HR Operations', matrix 'HR Essentials' (LVP-01 §3.1)."
P-E001 v1,Leila Haddad,FOA,R-LVP-01-004,LVP-01 §3.3,Yes,Yes,Match,Yes,Yes,Match,Medium,Low,Mismatch,W2,W1,Mismatch,HR Essentials,HR Operations,Mismatch,LVP-01,LVP-01,Match,3.3,3.4,Mismatch,,,,Yes,Yes,Match,No,Covered,Traced,Verified with Warning,"priority: GenAI 'Low', matrix 'Medium'; due stage: GenAI 'W1', matrix 'W2'; module category: GenAI 'HR Operations', matrix 'HR Essentials'; source section: GenAI '3.4', matrix '3.3' (LVP-01 §3.3)."
P-E001 v1,Leila Haddad,FOA,R-LVP-01-005,LVP-01 §4.2,Yes,Yes,Match,Yes,Yes,Match,Medium,Medium,Match,W2,W1,Mismatch,HR Essentials,HR Operations,Mismatch,LVP-01,LVP-01,Match,4.2,4.2,Match,,,,Yes,Yes,Match,No,Covered,Traced,Verified,"due stage: GenAI 'W1', matrix 'W2'; module category: GenAI 'HR Operations', matrix 'HR Essentials' (LVP-01 §4.2)."
P-E001 v1,Leila Haddad,FOA,R-MEM-01-002,MEM-01 §para 4,Yes,Yes,Match,No,Yes,Mismatch,Low,Medium,Mismatch,D30,D1,Mismatch,Workplace Conduct,Workplace Conduct,Match,MEM-01,MEM-01,Match,para 4,para 4,Match,,,,,,,No,Included,Traced,Partially Verified,"mandatory status: GenAI True, matrix False; priority: GenAI 'Medium', matrix 'Low'; due stage: GenAI 'D1', matrix 'D30' (MEM-01 §para 4)."
P-E001 v1,Leila Haddad,FOA,R-PCH-01-001,PCH-01 §1.2,Yes,Yes,Match,Yes,Yes,Match,High,High,Match,W1,D1,Mismatch,Payment & Cash Handling,Payment & Cash Handling,Match,PCH-01,PCH-01,Match,1.2,1.2,Match,,,,,,,No,Covered,Traced,Verified,"due stage: GenAI 'D1', matrix 'W1' (PCH-01 §1.2)."
P-E001 v1,Leila Haddad,FOA,R-PCH-01-003,PCH-01 §2.3,Yes,Yes,Match,Yes,Yes,Match,High,High,Match,W1,W1,Match,Payment & Cash Handling,Payment & Cash Handling,Match,PCH-01,PCH-01,Match,2.3,2.3,Match,,,,Yes,Yes,Match,Yes,Covered,Traced,Verified,GenAI and the matrix agree on every compared field.
P-E001 v1,Leila Haddad,FOA,R-PCH-01-004,PCH-01 §3.1,Yes,Yes,Match,Yes,Yes,Match,High,High,Match,W1,D1,Mismatch,Payment & Cash Handling,Payment & Cash Handling,Match,PCH-01,PCH-01,Match,3.1,3.1,Match,,,,Yes,Yes,Match,No,Covered,Traced,Verified,"due stage: GenAI 'D1', matrix 'W1' (PCH-01 §3.1)."
P-E001 v1,Leila Haddad,FOA,R-PCH-01-005,PCH-01 §3.4,Yes,Yes,Match,Yes,Yes,Match,High,High,Match,W1,D1,Mismatch,Payment & Cash Handling,Payment & Cash Handling,Match,PCH-01,PCH-01,Match,3.4,3.4,Match,,,,Yes,Yes,Match,No,Covered,Traced,Verified,"due stage: GenAI 'D1', matrix 'W1' (PCH-01 §3.4)."
P-E001 v1,Leila Haddad,FOA,R-PCH-01-006,PCH-01 §3.6,Yes,Yes,Match,Yes,Yes,Match,High,Medium,Mismatch,W1,W1,Match,Payment & Cash Handling,Payment & Cash Handling,Match,PCH-01,PCH-01,Match,3.6,3.6,Match,,,,Yes,Yes,Match,No,Covered,Traced,Verified,"priority: GenAI 'Medium', matrix 'High' (PCH-01 §3.6)."
P-E001 v1,Leila Haddad,FOA,R-PCH-01-007,PCH-01 §4.1,Yes,Yes,Match,Yes,Yes,Match,High,High,Match,W1,W1,Match,Payment & Cash Handling,Payment & Cash Handling,Match,PCH-01,PCH-01,Match,4.1,4.1,Match,,,,Yes,Yes,Match,Yes,Covered,Traced,Verified,GenAI and the matrix agree on every compared field.
P-E001 v1,Leila Haddad,FOA,R-PCH-01-008,PCH-01 §5.2,No,Yes,Mismatch,,,,,,,,,,,,,,,,,,,,,,,,,No,Included,Traced,Unsupported Requirement,"GenAI included R-PCH-01-008, but the matrix does not expect it for this employee (another role or a condition that does not apply)."
P-E001 v1,Leila Haddad,FOA,R-PCH-01-009,PCH-01 §2.1,Yes,Yes,Match,Yes,Yes,Match,High,High,Match,W1,D1,Mismatch,Payment & Cash Handling,Payment & Cash Handling,Match,PCH-01,PCH-01,Match,2.1,2.1,Match,,,,Yes,Yes,Match,No,Covered,Traced,Verified,"due stage: GenAI 'D1', matrix 'W1' (PCH-01 §2.1)."
P-E001 v1,Leila Haddad,FOA,R-REV-01-001,REV-01 §2.1,No,Yes,Mismatch,,,,,,,,,,,,,,,,,,,,,,,,,No,Included,Traced,Unsupported Requirement,"GenAI included R-REV-01-001, but the matrix does not expect it for this employee (another role or a condition that does not apply)."
P-E001 v1,Leila Haddad,FOA,R-REV-01-002,REV-01 §2.4,Yes,Yes,Match,Yes,Yes,Match,Medium,Medium,Match,W2,W1,Mismatch,Revenue Management,Revenue Management,Match,REV-01,REV-01,Match,2.4,2.4,Match,,,,Yes,Yes,Match,No,Covered,Traced,Verified,"due stage: GenAI 'W1', matrix 'W2' (REV-01 §2.4)."
P-E001 v1,Leila Haddad,FOA,R-REV-01-003,REV-01 §3.4,No,Yes,Mismatch,,,,,,,,,,,,,,,,,,,,,,,,,No,Included,Traced,Unsupported Requirement,"GenAI included R-REV-01-003, but the matrix does not expect it for this employee (another role or a condition that does not apply)."
P-E001 v1,Leila Haddad,FOA,R-REV-01-005,REV-01 §4.3,Yes,No,Mismatch,,,,,,,,,,,,,,,,,,,,,,,,,No,Missing,Traced,Requirement Missing,"The matrix expects R-REV-01-005 (mandatory, REV-01 §4.3); GenAI left it out."
P-E001 v1,Leila Haddad,FOA,R-REV-01-006,REV-01 §5.1,Yes,No,Mismatch,,,,,,,,,,,,,,,,,,,,,,,,,No,Missing,Traced,Requirement Missing,"The matrix expects R-REV-01-006 (mandatory, REV-01 §5.1); GenAI left it out."
P-E001 v1,Leila Haddad,FOA,R-ROL-01-001,ROL-01 §1.3,Yes,Yes,Match,Yes,Yes,Match,Medium,High,Mismatch,W1,W2,Mismatch,Front Office Operations,Front Office Operations,Match,ROL-01,ROL-01,Match,1.3,1.3,Match,,,,,,,No,Covered,Traced,Verified,"priority: GenAI 'High', matrix 'Medium'; due stage: GenAI 'W2', matrix 'W1' (ROL-01 §1.3)."
P-E001 v1,Leila Haddad,FOA,R-ROL-01-002,ROL-01 §1.4,Yes,Yes,Match,Yes,Yes,Match,Medium,Medium,Match,W2,W1,Mismatch,Front Office Operations,Front Office Operations,Match,ROL-01,ROL-01,Match,1.4,1.4,Match,,,,Yes,Yes,Match,No,Covered,Traced,Verified,"due stage: GenAI 'W1', matrix 'W2' (ROL-01 §1.4)."
P-E001 v1,Leila Haddad,FOA,R-SOP-FO-01-001,SOP-FO-01 §2.1,Yes,Yes,Match,Yes,Yes,Match,Medium,High,Mismatch,W2,D1,Mismatch,Front Office Operations,Front Office Operations,Match,SOP-FO-01,SOP-FO-01,Match,2.1,2.1,Match,,,,Yes,Yes,Match,No,Covered,Traced,Verified,"priority: GenAI 'High', matrix 'Medium'; due stage: GenAI 'D1', matrix 'W2' (SOP-FO-01 §2.1)."
P-E001 v1,Leila Haddad,FOA,R-SOP-FO-01-002,SOP-FO-01 §2.4,Yes,Yes,Match,Yes,Yes,Match,Medium,High,Mismatch,W2,D1,Mismatch,Front Office Operations,Front Office Operations,Match,SOP-FO-01,SOP-FO-01,Match,2.4,2.4,Match,,,,Yes,Yes,Match,No,Covered,Traced,Verified,"priority: GenAI 'High', matrix 'Medium'; due stage: GenAI 'D1', matrix 'W2' (SOP-FO-01 §2.4)."
P-E001 v1,Leila Haddad,FOA,R-SOP-FO-01-003,SOP-FO-01 §3.1,Yes,Yes,Match,Yes,Yes,Match,Medium,High,Mismatch,W2,D1,Mismatch,Front Office Operations,Front Office Operations,Match,SOP-FO-01,SOP-FO-01,Match,3.1,3.1,Match,,,,Yes,Yes,Match,No,Covered,Traced,Verified,"priority: GenAI 'High', matrix 'Medium'; due stage: GenAI 'D1', matrix 'W2' (SOP-FO-01 §3.1)."
P-E001 v1,Leila Haddad,FOA,R-SOP-FO-01-004,SOP-FO-01 §3.3,Yes,Yes,Match,Yes,Yes,Match,Medium,Medium,Match,W2,W1,Mismatch,Front Office Operations,Front Office Operations,Match,SOP-FO-01,SOP-FO-01,Match,3.3,3.3,Match,,,,Yes,Yes,Match,No,Covered,Traced,Verified,"due stage: GenAI 'W1', matrix 'W2' (SOP-FO-01 §3.3)."
P-E001 v1,Leila Haddad,FOA,R-SOP-FO-01-005,SOP-FO-01 §4.2,Yes,Yes,Match,Yes,Yes,Match,Medium,High,Mismatch,W2,D1,Mismatch,Front Office Operations,Front Office Operations,Match,SOP-FO-01,SOP-FO-01,Match,4.2,4.2,Match,,,,Yes,Yes,Match,No,Covered,Traced,Verified,"priority: GenAI 'High', matrix 'Medium'; due stage: GenAI 'D1', matrix 'W2' (SOP-FO-01 §4.2)."
P-E001 v1,Leila Haddad,FOA,R-SOP-FO-01-006,SOP-FO-01 §5.2,Yes,Yes,Match,Yes,Yes,Match,Medium,High,Mismatch,W2,D1,Mismatch,Front Office Operations,Front Office Operations,Match,SOP-FO-01,SOP-FO-01,Match,5.2,5.2,Match,,,,Yes,Yes,Match,No,Covered,Traced,Verified,"priority: GenAI 'High', matrix 'Medium'; due stage: GenAI 'D1', matrix 'W2' (SOP-FO-01 §5.2)."
P-E001 v1,Leila Haddad,FOA,R-SOP-FO-01-007,SOP-FO-01 §6.1,Yes,Yes,Match,Yes,Yes,Match,Medium,High,Mismatch,W1,W1,Match,Front Office Operations,Front Office Operations,Match,SOP-FO-01,SOP-FO-01,Match,6.1,6.1,Match,,,,,,,No,Covered,Traced,Verified,"priority: GenAI 'High', matrix 'Medium' (SOP-FO-01 §6.1)."
P-E001 v1,Leila Haddad,FOA,R-SOP-FO-02-001,SOP-FO-02 §2.1,Yes,Yes,Match,Yes,Yes,Match,Medium,High,Mismatch,W2,W2,Match,Night Audit,Night Audit,Match,SOP-FO-02,SOP-FO-02,Match,2.1,2.1,Match,,,,Yes,Yes,Match,No,Covered,Traced,Verified,"priority: GenAI 'High', matrix 'Medium' (SOP-FO-02 §2.1)."
P-E001 v1,Leila Haddad,FOA,R-SOP-FO-02-002,SOP-FO-02 §2.3,Yes,Yes,Match,Yes,Yes,Match,Medium,High,Mismatch,W2,W2,Match,Night Audit,Night Audit,Match,SOP-FO-02,SOP-FO-02,Match,2.3,2.3,Match,,,,Yes,Yes,Match,No,Covered,Traced,Verified,"priority: GenAI 'High', matrix 'Medium' (SOP-FO-02 §2.3)."
P-E001 v1,Leila Haddad,FOA,R-SOP-FO-02-003,SOP-FO-02 §3.1,Yes,Yes,Match,Yes,Yes,Match,Medium,Medium,Match,W2,W2,Match,Night Audit,Night Audit,Match,SOP-FO-02,SOP-FO-02,Match,3.1,3.1,Match,,,,Yes,Yes,Match,Yes,Covered,Traced,Verified,GenAI and the matrix agree on every compared field.
P-E001 v1,Leila Haddad,FOA,R-SOP-FO-02-004,SOP-FO-02 §3.4,Yes,Yes,Match,Yes,Yes,Match,Medium,Medium,Match,W2,W2,Match,Night Audit,Night Audit,Match,SOP-FO-02,SOP-FO-02,Match,3.4,3.4,Match,,,,Yes,Yes,Match,Yes,Covered,Traced,Verified,GenAI and the matrix agree on every compared field.
P-E001 v1,Leila Haddad,FOA,R-SOP-FO-02-005,SOP-FO-02 §4.2,Yes,Yes,Match,Yes,Yes,Match,Medium,Medium,Match,W2,W2,Match,Night Audit,Night Audit,Match,SOP-FO-02,SOP-FO-02,Match,4.2,4.2,Match,,,,Yes,Yes,Match,Yes,Covered,Traced,Verified,GenAI and the matrix agree on every compared field.
P-E001 v1,Leila Haddad,FOA,R-SOP-FO-02-006,SOP-FO-02 §5.1,No,Yes,Mismatch,,,,,,,,,,,,,,,,,,,,,,,,,No,Included,Traced,Unsupported Requirement,"GenAI included R-SOP-FO-02-006, but the matrix does not expect it for this employee (another role or a condition that does not apply)."
P-E001 v1,Leila Haddad,FOA,R-SOP-GR-01-001,SOP-GR-01 §2.1,Yes,Yes,Match,Yes,Yes,Match,High,High,Match,D1,D1,Match,Guest Service Recovery,Guest Service Recovery,Match,SOP-GR-01,SOP-GR-01,Match,2.1,2.1,Match,,,,,,,Yes,Covered,Traced,Verified with Warning,GenAI and the matrix agree on every compared field.
P-E001 v1,Leila Haddad,FOA,R-SOP-GR-01-002,SOP-GR-01 §2.3,Yes,Yes,Match,Yes,Yes,Match,Medium,High,Mismatch,W2,D1,Mismatch,Guest Service Recovery,Guest Service Recovery,Match,SOP-GR-01,SOP-GR-01,Match,2.3,2.3,Match,,,,Yes,Yes,Match,No,Covered,Traced,Verified,"priority: GenAI 'High', matrix 'Medium'; due stage: GenAI 'D1', matrix 'W2' (SOP-GR-01 §2.3)."
P-E001 v1,Leila Haddad,FOA,R-SOP-GR-01-003,SOP-GR-01 §3.1,Yes,Yes,Match,Yes,Yes,Match,Medium,High,Mismatch,W2,D1,Mismatch,Guest Service Recovery,Guest Service Recovery,Match,SOP-GR-01,SOP-GR-01,Match,3.1,3.1,Match,,,,Yes,Yes,Match,No,Covered,Traced,Verified,"priority: GenAI 'High', matrix 'Medium'; due stage: GenAI 'D1', matrix 'W2' (SOP-GR-01 §3.1)."
P-E001 v1,Leila Haddad,FOA,R-SOP-GR-01-004,SOP-GR-01 §3.2,No,Yes,Mismatch,,,,,,,,,,,,,,,,,,,,,,,,,No,Included,Traced,Unsupported Requirement,"GenAI included R-SOP-GR-01-004, but the matrix does not expect it for this employee (another role or a condition that does not apply)."
P-E001 v1,Leila Haddad,FOA,R-SOP-GR-01-006,SOP-GR-01 §5.1,Yes,Yes,Match,Yes,Yes,Match,High,High,Match,W1,D1,Mismatch,Guest Service Recovery,Guest Service Recovery,Match,SOP-GR-01,SOP-GR-01,Match,5.1,5.1,Match,,,,Yes,Yes,Match,No,Covered,Traced,Verified,"due stage: GenAI 'D1', matrix 'W1' (SOP-GR-01 §5.1)."
P-E001 v1,Leila Haddad,FOA,R-SOP-HK-02-001,SOP-HK-02 §2.1,Yes,Yes,Match,Yes,Yes,Match,Medium,Medium,Match,W2,W1,Mismatch,Housekeeping Operations,Housekeeping Operations,Match,SOP-HK-02,SOP-HK-02,Match,2.1,2.1,Match,,,,Yes,Yes,Match,No,Covered,Traced,Outdated Source,"due stage: GenAI 'W1', matrix 'W2' (SOP-HK-02 §2.1)."
P-E001 v1,Leila Haddad,FOA,R-SOP-HK-02-002,SOP-HK-02 §2.3,Yes,Yes,Match,Yes,Yes,Match,Medium,High,Mismatch,W2,W1,Mismatch,Housekeeping Operations,Housekeeping Operations,Match,SOP-HK-02,SOP-HK-02,Match,2.3,2.3,Match,,,,Yes,Yes,Match,No,Covered,Traced,Outdated Source,"priority: GenAI 'High', matrix 'Medium'; due stage: GenAI 'W1', matrix 'W2' (SOP-HK-02 §2.3)."
P-E001 v1,Leila Haddad,FOA,R-SOP-HK-02-003,SOP-HK-02 §3.1,Yes,Yes,Match,Yes,Yes,Match,Medium,Low,Mismatch,W2,W2,Match,Housekeeping Operations,Housekeeping Operations,Match,SOP-HK-02,SOP-HK-02,Match,3.1,3.1,Match,,,,Yes,Yes,Match,No,Covered,Traced,Outdated Source,"priority: GenAI 'Low', matrix 'Medium' (SOP-HK-02 §3.1)."
P-E001 v1,Leila Haddad,FOA,R-SOP-HK-02-004,SOP-HK-02 §3.4,Yes,Yes,Match,Yes,Yes,Match,Medium,High,Mismatch,W2,W1,Mismatch,General,Housekeeping Operations,Mismatch,SOP-HK-02,SOP-HK-02,Match,3.4,3.4,Match,,,,Yes,Yes,Match,No,Covered,Traced,Outdated Source,"priority: GenAI 'High', matrix 'Medium'; due stage: GenAI 'W1', matrix 'W2'; module category: GenAI 'Housekeeping Operations', matrix 'General' (SOP-HK-02 §3.4)."
P-E001 v1,Leila Haddad,FOA,R-SOP-HK-02-005,SOP-HK-02 §4.1,Yes,Yes,Match,No,No,Match,Low,Low,Match,D30,W2,Mismatch,General,Housekeeping Operations,Mismatch,SOP-HK-02,SOP-HK-02,Match,4.1,4.1,Match,,,,,,,No,Included,Traced,Outdated Source,"due stage: GenAI 'W2', matrix 'D30'; module category: GenAI 'Housekeeping Operations', matrix 'General' (SOP-HK-02 §4.1)."
P-E003 v1,Nurul Aina Rahman,GRE,R-CMP-01-001,CMP-01 §2.1,Yes,Yes,Match,Yes,Yes,Match,High,High,Match,D1,D1,Match,Fire & Life Safety,Fire & Life Safety,Match,CMP-01,CMP-01,Match,2.1,2.1,Match,,,,Yes,Yes,Match,Yes,Covered,Traced,Verified,GenAI and the matrix agree on every compared field.
P-E003 v1,Nurul Aina Rahman,GRE,R-CMP-01-002,CMP-01 §2.2,Yes,Yes,Match,Yes,Yes,Match,High,High,Match,W1,W1,Match,Data Privacy,Data Privacy,Match,CMP-01,CMP-01,Match,2.2,2.2,Match,,,,,,,Yes,Covered,Traced,Verified,GenAI and the matrix agree on every compared field.
P-E003 v1,Nurul Aina Rahman,GRE,R-CMP-01-003,CMP-01 §2.3,Yes,Yes,Match,Yes,Yes,Match,High,High,Match,W1,W1,Match,General,Information Security,Mismatch,CMP-01,CMP-01,Match,2.3,2.3,Match,,,,,,,No,Covered,Traced,Verified,"module category: GenAI 'Information Security', matrix 'General' (CMP-01 §2.3)."
P-E003 v1,Nurul Aina Rahman,GRE,R-CMP-01-004,CMP-01 §3.1,Yes,Yes,Match,Yes,Yes,Match,Medium,High,Mismatch,D30,D30,Match,Company Orientation,HR Essentials,Mismatch,CMP-01,CMP-01,Match,3.1,3.1,Match,,,,Yes,Yes,Match,No,Covered,Traced,Verified,"priority: GenAI 'High', matrix 'Medium'; module category: GenAI 'HR Essentials', matrix 'Company Orientation' (CMP-01 §3.1)."
P-E003 v1,Nurul Aina Rahman,GRE,R-CMP-01-005,CMP-01 §3.3,Yes,Yes,Match,Yes,Yes,Match,Medium,Medium,Match,W2,D30,Mismatch,Company Orientation,HR Essentials,Mismatch,CMP-01,CMP-01,Match,3.3,3.3,Match,,,,Yes,Yes,Match,No,Covered,Traced,Verified,"due stage: GenAI 'D30', matrix 'W2'; module category: GenAI 'HR Essentials', matrix 'Company Orientation' (CMP-01 §3.3)."
P-E003 v1,Nurul Aina Rahman,GRE,R-CMP-01-006,CMP-01 §4.1,Yes,No,Mismatch,,,,,,,,,,,,,,,,,,,,,,,,,No,Missing,Traced,Requirement Missing,"The matrix expects R-CMP-01-006 (mandatory, CMP-01 §4.1); GenAI left it out."
P-E003 v1,Nurul Aina Rahman,GRE,R-COC-01-001,COC-01 §1.3,Yes,Yes,Match,Yes,Yes,Match,High,High,Match,D1,D1,Match,Workplace Conduct,Workplace Conduct,Match,COC-01,COC-01,Match,1.3,1.3,Match,,,,,,,Yes,Covered,Traced,Verified,GenAI and the matrix agree on every compared field.
P-E003 v1,Nurul Aina Rahman,GRE,R-COC-01-002,COC-01 §2.1,Yes,Yes,Match,Yes,Yes,Match,High,High,Match,W1,D1,Mismatch,Workplace Conduct,Workplace Conduct,Match,COC-01,COC-01,Match,2.1,2.1,Match,,,,Yes,Yes,Match,No,Covered,Traced,Verified,"due stage: GenAI 'D1', matrix 'W1' (COC-01 §2.1)."
P-E003 v1,Nurul Aina Rahman,GRE,R-COC-01-003,COC-01 §3.2,Yes,Yes,Match,Yes,No,Mismatch,Medium,Low,Mismatch,W2,W1,Mismatch,Workplace Conduct,Workplace Conduct,Match,COC-01,COC-01,Match,3.2,3.2,Match,,,,Yes,Yes,Match,No,Covered,Traced,Partially Verified,"mandatory status: GenAI False, matrix True; priority: GenAI 'Low', matrix 'Medium'; due stage: GenAI 'W1', matrix 'W2' (COC-01 §3.2)."
P-E003 v1,Nurul Aina Rahman,GRE,R-COC-01-004,COC-01 §4.1,Yes,Yes,Match,Yes,Yes,Match,Medium,High,Mismatch,W2,D1,Mismatch,Workplace Conduct,Workplace Conduct,Match,COC-01,COC-01,Match,4.1,4.1,Match,,,,Yes,Yes,Match,No,Covered,Traced,Verified,"priority: GenAI 'High', matrix 'Medium'; due stage: GenAI 'D1', matrix 'W2' (COC-01 §4.1)."
P-E003 v1,Nurul Aina Rahman,GRE,R-COC-01-006,COC-01 §5.1,Yes,Yes,Match,Yes,Yes,Match,High,High,Match,W1,D1,Mismatch,Incident Management,Information Security,Mismatch,COC-01,COC-01,Match,5.1,5.1,Match,,,,Yes,Yes,Match,No,Covered,Traced,Verified,"due stage: GenAI 'D1', matrix 'W1'; module category: GenAI 'Information Security', matrix 'Incident Management' (COC-01 §5.1)."
P-E003 v1,Nurul Aina Rahman,GRE,R-COC-01-007,COC-01 §6.3,Yes,Yes,Match,Yes,Yes,Match,Medium,Medium,Match,W2,W1,Mismatch,Workplace Conduct,Workplace Conduct,Match,COC-01,COC-01,Match,6.3,6.3,Match,,,,Yes,Yes,Match,No,Covered,Traced,Verified,"due stage: GenAI 'W1', matrix 'W2' (COC-01 §6.3)."
P-E003 v1,Nurul Aina Rahman,GRE,R-ESC-01-001,ESC-01 §2.1,Yes,Yes,Match,Yes,Yes,Match,High,High,Match,W1,D1,Mismatch,Health & Safety,Incident Management,Mismatch,ESC-01,ESC-01,Match,2.1,2.1,Match,,,,Yes,Yes,Match,No,Covered,Traced,Verified with Warning,"due stage: GenAI 'D1', matrix 'W1'; module category: GenAI 'Incident Management', matrix 'Health & Safety' (ESC-01 §2.1)."
P-E003 v1,Nurul Aina Rahman,GRE,R-ESC-01-003,ESC-01 §3.1,No,Yes,Mismatch,,,,,,,,,,,,,,,,,,,,,,,,,No,Included,Traced,Unsupported Requirement,"GenAI included R-ESC-01-003, but the matrix does not expect it for this employee (another role or a condition that does not apply)."
P-E003 v1,Nurul Aina Rahman,GRE,R-ESC-01-004,ESC-01 §3.2,No,Yes,Mismatch,,,,,,,,,,,,,,,,,,,,,,,,,No,Included,Traced,Unsupported Requirement,"GenAI included R-ESC-01-004, but the matrix does not expect it for this employee (another role or a condition that does not apply)."
P-E003 v1,Nurul Aina Rahman,GRE,R-ESC-01-005,ESC-01 §4.1,Yes,Yes,Match,Yes,Yes,Match,High,High,Match,W1,D1,Mismatch,Incident Management,Workplace Conduct,Mismatch,ESC-01,ESC-01,Match,4.1,4.1,Match,,,,Yes,Yes,Match,No,Covered,Traced,Verified,"due stage: GenAI 'D1', matrix 'W1'; module category: GenAI 'Workplace Conduct', matrix 'Incident Management' (ESC-01 §4.1)."
P-E003 v1,Nurul Aina Rahman,GRE,R-FAQ-01-002,FAQ-01 §Q7,Yes,Yes,Match,Yes,Yes,Match,Medium,Medium,Match,W2,W1,Mismatch,Workplace Conduct,Company Orientation,Mismatch,FAQ-01,FAQ-01,Match,Q7,Q7,Match,,,,Yes,Yes,Match,No,Covered,Traced,Verified,"due stage: GenAI 'W1', matrix 'W2'; module category: GenAI 'Company Orientation', matrix 'Workplace Conduct' (FAQ-01 §Q7)."
P-E003 v1,Nurul Aina Rahman,GRE,R-FAQ-01-004,FAQ-01 §Q15,Yes,Yes,Match,No,Yes,Mismatch,Low,Low,Match,D30,W2,Mismatch,General,Front Office Operations,Mismatch,FAQ-01,FAQ-01,Match,Q15,Q15,Match,,,,,,,No,Included,Traced,Partially Verified,"mandatory status: GenAI True, matrix False; due stage: GenAI 'W2', matrix 'D30'; module category: GenAI 'Front Office Operations', matrix 'General' (FAQ-01 §Q15)."
P-E003 v1,Nurul Aina Rahman,GRE,R-FIN-01-001,FIN-01 §2.1,Yes,Yes,Match,Yes,Yes,Match,Medium,Low,Mismatch,W2,W2,Match,Finance Operations,Finance Operations,Match,FIN-01,FIN-01,Match,2.1,2.1,Match,,,,Yes,Yes,Match,No,Covered,Traced,Verified,"priority: GenAI 'Low', matrix 'Medium' (FIN-01 §2.1)."
P-E003 v1,Nurul Aina Rahman,GRE,R-FIN-01-002,FIN-01 §2.4,Yes,Yes,Match,Yes,Yes,Match,Medium,Medium,Match,W2,W2,Match,Finance Operations,Finance Operations,Match,FIN-01,FIN-01,Match,2.4,2.4,Match,,,,Yes,Yes,Match,Yes,Covered,Traced,Verified,GenAI and the matrix agree on every compared field.
P-E003 v1,Nurul Aina Rahman,GRE,R-FIN-01-003,FIN-01 §3.1,Yes,Yes,Match,Yes,Yes,Match,Medium,Low,Mismatch,W2,W2,Match,Finance Operations,Finance Operations,Match,FIN-01,FIN-01,Match,3.1,3.1,Match,,,,Yes,Yes,Match,No,Covered,Traced,Verified,"priority: GenAI 'Low', matrix 'Medium' (FIN-01 §3.1)."
P-E003 v1,Nurul Aina Rahman,GRE,R-FIN-01-004,FIN-01 §4.2,Yes,Yes,Match,Yes,Yes,Match,Medium,Medium,Match,D30,W1,Mismatch,Finance Operations,Finance Operations,Match,FIN-01,FIN-01,Match,4.2,4.2,Match,,,,Yes,Yes,Match,No,Covered,Traced,Verified with Warning,"due stage: GenAI 'W1', matrix 'D30' (FIN-01 §4.2)."
P-E003 v1,Nurul Aina Rahman,GRE,R-FIN-01-005,FIN-01 §5.2,Yes,No,Mismatch,,,,,,,,,,,,,,,,,,,,,,,,,No,Missing,Traced,Requirement Missing,"The matrix expects R-FIN-01-005 (mandatory, FIN-01 §5.2); GenAI left it out."
P-E003 v1,Nurul Aina Rahman,GRE,R-FLS-01-001,FLS-01 §1.2,Yes,Yes,Match,Yes,Yes,Match,High,High,Match,D1,D1,Match,Fire & Life Safety,Fire & Life Safety,Match,FLS-01,FLS-01,Match,1.2,1.2,Match,,,,,,,Yes,Covered,Traced,Verified,GenAI and the matrix agree on every compared field.
P-E003 v1,Nurul Aina Rahman,GRE,R-FLS-01-002,FLS-01 §1.3,Yes,Yes,Match,Yes,Yes,Match,High,High,Match,W1,D1,Mismatch,Fire & Life Safety,Fire & Life Safety,Match,FLS-01,FLS-01,Match,1.3,1.3,Match,,,,Yes,Yes,Match,No,Covered,Traced,Verified,"due stage: GenAI 'D1', matrix 'W1' (FLS-01 §1.3)."
P-E003 v1,Nurul Aina Rahman,GRE,R-FLS-01-003,FLS-01 §2.1,Yes,Yes,Match,Yes,Yes,Match,High,High,Match,W1,D1,Mismatch,Fire & Life Safety,Fire & Life Safety,Match,FLS-01,FLS-01,Match,2.1,2.1,Match,,,,Yes,Yes,Match,No,Covered,Traced,Verified,"due stage: GenAI 'D1', matrix 'W1' (FLS-01 §2.1)."
P-E003 v1,Nurul Aina Rahman,GRE,R-FLS-01-004,FLS-01 §3.1,Yes,Yes,Match,Yes,Yes,Match,High,Medium,Mismatch,D90,D90,Match,Fire & Life Safety,Fire & Life Safety,Match,FLS-01,FLS-01,Match,3.1,3.1,Match,,,,,,,No,Covered,Traced,Verified with Warning,"priority: GenAI 'Medium', matrix 'High' (FLS-01 §3.1)."
P-E003 v1,Nurul Aina Rahman,GRE,R-FLS-01-005,FLS-01 §3.4,Yes,No,Mismatch,,,,,,,,,,,,,,,,,,,,,,,,,No,Missing,Traced,Requirement Missing,"The matrix expects R-FLS-01-005 (mandatory, FLS-01 §3.4); GenAI left it out."
P-E003 v1,Nurul Aina Rahman,GRE,R-FLS-01-007,FLS-01 §5.1,No,Yes,Mismatch,,,,,,,,,,,,,,,,,,,,,,,,,No,Included,Traced,Unsupported Requirement,"GenAI included R-FLS-01-007, but the matrix does not expect it for this employee (another role or a condition that does not apply)."
P-E003 v1,Nurul Aina Rahman,GRE,R-GDP-01-001,GDP-01 §2.1,Yes,Yes,Match,Yes,Yes,Match,High,High,Match,W1,W1,Match,Data Privacy,Data Privacy,Match,GDP-01,GDP-01,Match,2.1,2.1,Match,,,,,,,Yes,Covered,Traced,Verified,GenAI and the matrix agree on every compared field.
P-E003 v1,Nurul Aina Rahman,GRE,R-GDP-01-002,GDP-01 §3.1,Yes,Yes,Match,Yes,Yes,Match,High,High,Match,W1,D1,Mismatch,Data Privacy,Data Privacy,Match,GDP-01,GDP-01,Match,3.1,3.1,Match,,,,Yes,Yes,Match,No,Covered,Traced,Verified,"due stage: GenAI 'D1', matrix 'W1' (GDP-01 §3.1)."
P-E003 v1,Nurul Aina Rahman,GRE,R-GDP-01-003,GDP-01 §4.1,Yes,Yes,Match,Yes,Yes,Match,High,High,Match,W1,D1,Mismatch,Data Privacy,Front Office Operations,Mismatch,GDP-01,GDP-01,Match,4.1,4.1,Match,,,,Yes,Yes,Match,No,Covered,Traced,Verified,"due stage: GenAI 'D1', matrix 'W1'; module category: GenAI 'Front Office Operations', matrix 'Data Privacy' (GDP-01 §4.1)."
P-E003 v1,Nurul Aina Rahman,GRE,R-GDP-01-004,GDP-01 §4.2,Yes,Yes,Match,Yes,Yes,Match,High,High,Match,W1,W1,Match,Data Privacy,Data Privacy,Match,GDP-01,GDP-01,Match,4.2,4.2,Match,,,,Yes,Yes,Match,Yes,Covered,Traced,Verified,GenAI and the matrix agree on every compared field.
P-E003 v1,Nurul Aina Rahman,GRE,R-GDP-01-005,GDP-01 §5.1,Yes,Yes,Match,Yes,Yes,Match,High,High,Match,W1,D1,Mismatch,Data Privacy,Front Office Operations,Mismatch,GDP-01,GDP-01,Match,5.1,5.1,Match,,,,Yes,Yes,Match,No,Covered,Traced,Verified,"due stage: GenAI 'D1', matrix 'W1'; module category: GenAI 'Front Office Operations', matrix 'Data Privacy' (GDP-01 §5.1)."
P-E003 v1,Nurul Aina Rahman,GRE,R-GDP-01-006,GDP-01 §5.4,Yes,Yes,Match,Yes,Yes,Match,High,High,Match,W1,D1,Mismatch,Data Privacy,Front Office Operations,Mismatch,GDP-01,GDP-01,Match,5.4,5.4,Match,,,,Yes,Yes,Match,No,Covered,Traced,Verified,"due stage: GenAI 'D1', matrix 'W1'; module category: GenAI 'Front Office Operations', matrix 'Data Privacy' (GDP-01 §5.4)."
P-E003 v1,Nurul Aina Rahman,GRE,R-GDP-01-007,GDP-01 §6.1,Yes,Yes,Match,Yes,Yes,Match,High,Medium,Mismatch,W1,W1,Match,HR Operations,Data Privacy,Mismatch,GDP-01,GDP-01,Match,6.1,6.1,Match,,,,Yes,Yes,Match,No,Covered,Traced,Verified,"priority: GenAI 'Medium', matrix 'High'; module category: GenAI 'Data Privacy', matrix 'HR Operations' (GDP-01 §6.1)."
P-E003 v1,Nurul Aina Rahman,GRE,R-GDP-01-008,GDP-01 §7.1,Yes,Yes,Match,Yes,Yes,Match,High,High,Match,W1,D1,Mismatch,Data Privacy,Data Privacy,Match,GDP-01,GDP-01,Match,7.1,7.1,Match,,,,Yes,Yes,Match,No,Covered,Traced,Verified,"due stage: GenAI 'D1', matrix 'W1' (GDP-01 §7.1)."
P-E003 v1,Nurul Aina Rahman,GRE,R-GDP-01-009,GDP-01 §4.5,Yes,Yes,Match,Yes,Yes,Match,High,High,Match,W1,D1,Mismatch,Data Privacy,Data Privacy,Match,GDP-01,GDP-01,Match,4.5,4.5,Match,,,,Yes,Yes,Match,No,Covered,Traced,Verified,"due stage: GenAI 'D1', matrix 'W1' (GDP-01 §4.5)."
P-E003 v1,Nurul Aina Rahman,GRE,R-HBK-01-001,HBK-01 §1.2,Yes,Yes,Match,Yes,Yes,Match,High,High,Match,D1,D1,Match,Company Orientation,Company Orientation,Match,HBK-01,HBK-01,Match,1.2,1.2,Match,,,,,,,Yes,Covered,Traced,Verified,GenAI and the matrix agree on every compared field.
P-E003 v1,Nurul Aina Rahman,GRE,R-HBK-01-002,HBK-01 §2.1,Yes,Yes,Match,Yes,Yes,Match,High,High,Match,D1,D1,Match,Company Orientation,Company Orientation,Match,HBK-01,HBK-01,Match,2.1,2.1,Match,,,,,,,Yes,Covered,Traced,Verified,GenAI and the matrix agree on every compared field.
P-E003 v1,Nurul Aina Rahman,GRE,R-HBK-01-003,HBK-01 §2.4,Yes,Yes,Match,Yes,Yes,Match,Medium,High,Mismatch,W2,D1,Mismatch,Company Orientation,HR Operations,Mismatch,HBK-01,HBK-01,Match,2.4,2.4,Match,,,,Yes,Yes,Match,No,Covered,Traced,Verified,"priority: GenAI 'High', matrix 'Medium'; due stage: GenAI 'D1', matrix 'W2'; module category: GenAI 'HR Operations', matrix 'Company Orientation' (HBK-01 §2.4)."
P-E003 v1,Nurul Aina Rahman,GRE,R-HBK-01-004,HBK-01 §3.2,Yes,Yes,Match,No,No,Match,Low,Medium,Mismatch,D30,D30,Match,Company Orientation,Company Orientation,Match,HBK-01,HBK-01,Match,3.2,3.2,Match,,,,,,,No,Included,Traced,Verified,"priority: GenAI 'Medium', matrix 'Low' (HBK-01 §3.2)."
P-E003 v1,Nurul Aina Rahman,GRE,R-HRP-01-001,HRP-01 §2.1,Yes,Yes,Match,Yes,Yes,Match,Medium,High,Mismatch,W1,W1,Match,HR Essentials,HR Operations,Mismatch,HRP-01,HRP-01,Match,2.1,2.1,Match,,,,,,,No,Covered,Traced,Verified,"priority: GenAI 'High', matrix 'Medium'; module category: GenAI 'HR Operations', matrix 'HR Essentials' (HRP-01 §2.1)."
P-E003 v1,Nurul Aina Rahman,GRE,R-HRP-01-002,HRP-01 §2.3,Yes,Yes,Match,Yes,Yes,Match,Medium,Medium,Match,W1,D30,Mismatch,Front Office Operations,HR Operations,Mismatch,HRP-01,HRP-01,Match,2.3,2.3,Match,,,,,,,No,Covered,Traced,Verified,"due stage: GenAI 'D30', matrix 'W1'; module category: GenAI 'HR Operations', matrix 'Front Office Operations' (HRP-01 §2.3)."
P-E003 v1,Nurul Aina Rahman,GRE,R-HRP-01-003,HRP-01 §3.1,Yes,Yes,Match,Yes,Yes,Match,Medium,Medium,Match,W2,D1,Mismatch,HR Essentials,HR Operations,Mismatch,HRP-01,HRP-01,Match,3.1,3.1,Match,,,,Yes,Yes,Match,No,Covered,Traced,Verified,"due stage: GenAI 'D1', matrix 'W2'; module category: GenAI 'HR Operations', matrix 'HR Essentials' (HRP-01 §3.1)."
P-E003 v1,Nurul Aina Rahman,GRE,R-HRP-01-005,HRP-01 §4.2,Yes,Yes,Match,Yes,Yes,Match,Medium,High,Mismatch,W2,D1,Mismatch,HR Essentials,HR Operations,Mismatch,HRP-01,HRP-01,Match,4.2,4.2,Match,,,,Yes,Yes,Match,No,Covered,Traced,Verified,"priority: GenAI 'High', matrix 'Medium'; due stage: GenAI 'D1', matrix 'W2'; module category: GenAI 'HR Operations', matrix 'HR Essentials' (HRP-01 §4.2)."
P-E003 v1,Nurul Aina Rahman,GRE,R-HRP-01-006,HRP-01 §5.1,Yes,Yes,Match,Yes,Yes,Match,Medium,Low,Mismatch,W2,W1,Mismatch,HR Essentials,Workplace Conduct,Mismatch,HRP-01,HRP-01,Match,5.1,5.1,Match,,,,Yes,Yes,Match,No,Covered,Traced,Verified,"priority: GenAI 'Low', matrix 'Medium'; due stage: GenAI 'W1', matrix 'W2'; module category: GenAI 'Workplace Conduct', matrix 'HR Essentials' (HRP-01 §5.1)."
P-E003 v1,Nurul Aina Rahman,GRE,R-HRP-01-007,HRP-01 §6.2,Yes,Yes,Match,No,No,Match,Low,Low,Match,D30,D90,Mismatch,HR Essentials,HR Operations,Mismatch,HRP-01,HRP-01,Match,6.2,6.2,Match,,,,,,,No,Included,Traced,Verified,"due stage: GenAI 'D90', matrix 'D30'; module category: GenAI 'HR Operations', matrix 'HR Essentials' (HRP-01 §6.2)."
P-E003 v1,Nurul Aina Rahman,GRE,R-HSP-01-002,HSP-01 §3.1,Yes,Yes,Match,Yes,Yes,Match,High,Medium,Mismatch,W1,D1,Mismatch,Health & Safety,Health & Safety,Match,HSP-01,HSP-01,Match,3.1,3.1,Match,,,,Yes,Yes,Match,No,Covered,Traced,Verified,"priority: GenAI 'Medium', matrix 'High'; due stage: GenAI 'D1', matrix 'W1' (HSP-01 §3.1)."
P-E003 v1,Nurul Aina Rahman,GRE,R-HSP-01-003,HSP-01 §3.3,Yes,Yes,Match,Yes,Yes,Match,High,High,Match,W1,D1,Mismatch,Health & Safety,Health & Safety,Match,HSP-01,HSP-01,Match,3.3,3.3,Match,,,,,,,No,Covered,Traced,Verified,"due stage: GenAI 'D1', matrix 'W1' (HSP-01 §3.3)."
P-E003 v1,Nurul Aina Rahman,GRE,R-HSP-01-004,HSP-01 §4.1,Yes,Yes,Match,Yes,Yes,Match,High,Medium,Mismatch,W1,D1,Mismatch,Health & Safety,Health & Safety,Match,HSP-01,HSP-01,Match,4.1,4.1,Match,,,,Yes,Yes,Match,No,Covered,Traced,Verified,"priority: GenAI 'Medium', matrix 'High'; due stage: GenAI 'D1', matrix 'W1' (HSP-01 §4.1)."
P-E003 v1,Nurul Aina Rahman,GRE,R-HSP-01-005,HSP-01 §5.2,Yes,Yes,Match,Yes,Yes,Match,High,Medium,Mismatch,W1,D1,Mismatch,Health & Safety,Health & Safety,Match,HSP-01,HSP-01,Match,5.2,5.2,Match,,,,Yes,Yes,Match,No,Covered,Traced,Verified,"priority: GenAI 'Medium', matrix 'High'; due stage: GenAI 'D1', matrix 'W1' (HSP-01 §5.2)."
P-E003 v1,Nurul Aina Rahman,GRE,R-HSP-01-007,HSP-01 §5.5,Yes,Yes,Match,Yes,Yes,Match,High,Medium,Mismatch,W1,D1,Mismatch,Health & Safety,Health & Safety,Match,HSP-01,HSP-01,Match,5.5,5.5,Match,,,,Yes,Yes,Match,No,Covered,Traced,Verified,"priority: GenAI 'Medium', matrix 'High'; due stage: GenAI 'D1', matrix 'W1' (HSP-01 §5.5)."
P-E003 v1,Nurul Aina Rahman,GRE,R-ISP-01-001,ISP-01 §2.1,Yes,Yes,Match,Yes,Yes,Match,High,High,Match,W1,D1,Mismatch,Information Security,Information Security,Match,ISP-01,ISP-01,Match,2.1,2.1,Match,,,,,,,No,Covered,Traced,Verified with Warning,"due stage: GenAI 'D1', matrix 'W1' (ISP-01 §2.1)."
P-E003 v1,Nurul Aina Rahman,GRE,R-ISP-01-002,ISP-01 §3.1,Yes,Yes,Match,Yes,Yes,Match,High,High,Match,W1,D1,Mismatch,Information Security,Information Security,Match,ISP-01,ISP-01,Match,3.1,3.1,Match,,,,Yes,Yes,Match,No,Covered,Traced,Verified,"due stage: GenAI 'D1', matrix 'W1' (ISP-01 §3.1)."
P-E003 v1,Nurul Aina Rahman,GRE,R-ISP-01-003,ISP-01 §3.3,Yes,Yes,Match,Yes,Yes,Match,High,High,Match,W1,D1,Mismatch,Information Security,Information Security,Match,ISP-01,ISP-01,Match,3.3,3.3,Match,,,,,,,No,Covered,Traced,Verified with Warning,"due stage: GenAI 'D1', matrix 'W1' (ISP-01 §3.3)."
P-E003 v1,Nurul Aina Rahman,GRE,R-ISP-01-004,ISP-01 §3.5,Yes,Yes,Match,Yes,Yes,Match,High,High,Match,W1,D1,Mismatch,Information Security,Information Security,Match,ISP-01,ISP-01,Match,3.5,3.5,Match,,,,Yes,Yes,Match,No,Covered,Traced,Verified,"due stage: GenAI 'D1', matrix 'W1' (ISP-01 §3.5)."
P-E003 v1,Nurul Aina Rahman,GRE,R-ISP-01-005,ISP-01 §4.2,Yes,Yes,Match,Yes,Yes,Match,High,Medium,Mismatch,W1,D1,Mismatch,Information Security,Information Security,Match,ISP-01,ISP-01,Match,4.2,4.2,Match,,,,Yes,Yes,Match,No,Covered,Traced,Verified,"priority: GenAI 'Medium', matrix 'High'; due stage: GenAI 'D1', matrix 'W1' (ISP-01 §4.2)."
P-E003 v1,Nurul Aina Rahman,GRE,R-ISP-01-006,ISP-01 §5.1,Yes,Yes,Match,Yes,Yes,Match,High,High,Match,W1,D1,Mismatch,Information Security,Information Security,Match,ISP-01,ISP-01,Match,5.1,5.1,Match,,,,Yes,Yes,Match,No,Covered,Traced,Verified,"due stage: GenAI 'D1', matrix 'W1' (ISP-01 §5.1)."
P-E003 v1,Nurul Aina Rahman,GRE,R-ISP-01-007,ISP-01 §6.2,Yes,Yes,Match,Yes,Yes,Match,High,High,Match,W1,D1,Mismatch,Information Security,Data Privacy,Mismatch,ISP-01,ISP-01,Match,6.2,6.2,Match,,,,Yes,Yes,Match,No,Covered,Traced,Verified,"due stage: GenAI 'D1', matrix 'W1'; module category: GenAI 'Data Privacy', matrix 'Information Security' (ISP-01 §6.2)."
P-E003 v1,Nurul Aina Rahman,GRE,R-ISP-01-008,ISP-01 §7.1,Yes,Yes,Match,Yes,Yes,Match,High,High,Match,W1,D1,Mismatch,Incident Management,Information Security,Mismatch,ISP-01,ISP-01,Match,7.1,7.1,Match,,,,Yes,Yes,Match,No,Covered,Traced,Verified,"due stage: GenAI 'D1', matrix 'W1'; module category: GenAI 'Information Security', matrix 'Incident Management' (ISP-01 §7.1)."
P-E003 v1,Nurul Aina Rahman,GRE,R-ITA-01-001,ITA-01 §2.1,Yes,Yes,Match,Yes,Yes,Match,High,High,Match,W1,D1,Mismatch,Information Security,Information Security,Match,ITA-01,ITA-01,Match,2.1,2.1,Match,,,,Yes,Yes,Match,No,Covered,Traced,Verified,"due stage: GenAI 'D1', matrix 'W1' (ITA-01 §2.1)."
P-E003 v1,Nurul Aina Rahman,GRE,R-ITA-01-002,ITA-01 §2.3,Yes,Yes,Match,Yes,Yes,Match,Medium,High,Mismatch,W2,D1,Mismatch,IT & Systems,Information Security,Mismatch,ITA-01,ITA-01,Match,2.3,2.2,Mismatch,,,,Yes,Yes,Match,No,Covered,Traced,Verified with Warning,"priority: GenAI 'High', matrix 'Medium'; due stage: GenAI 'D1', matrix 'W2'; module category: GenAI 'Information Security', matrix 'IT & Systems'; source section: GenAI '2.2', matrix '2.3' (ITA-01 §2.3)."
P-E003 v1,Nurul Aina Rahman,GRE,R-ITA-01-004,ITA-01 §3.4,Yes,Yes,Match,Yes,Yes,Match,Medium,Medium,Match,W2,W1,Mismatch,IT & Systems,Information Security,Mismatch,ITA-01,ITA-01,Match,3.4,3.4,Match,,,,Yes,Yes,Match,No,Covered,Traced,Verified,"due stage: GenAI 'W1', matrix 'W2'; module category: GenAI 'Information Security', matrix 'IT & Systems' (ITA-01 §3.4)."
P-E003 v1,Nurul Aina Rahman,GRE,R-ITA-01-005,ITA-01 §4.1,Yes,Yes,Match,Yes,Yes,Match,Medium,High,Mismatch,W2,D1,Mismatch,IT & Systems,Information Security,Mismatch,ITA-01,ITA-01,Match,4.1,4.1,Match,,,,Yes,Yes,Match,No,Covered,Traced,Verified,"priority: GenAI 'High', matrix 'Medium'; due stage: GenAI 'D1', matrix 'W2'; module category: GenAI 'Information Security', matrix 'IT & Systems' (ITA-01 §4.1)."
P-E003 v1,Nurul Aina Rahman,GRE,R-ITA-01-006,ITA-01 §5.2,Yes,Yes,Match,No,No,Match,Low,Low,Match,D30,W1,Mismatch,IT & Systems,IT & Systems,Match,ITA-01,ITA-01,Match,5.2,5.2,Match,,,,,,,No,Included,Traced,Verified,"due stage: GenAI 'W1', matrix 'D30' (ITA-01 §5.2)."
P-E003 v1,Nurul Aina Rahman,GRE,R-LVP-01-001,LVP-01 §2.1,Yes,Yes,Match,Yes,Yes,Match,Medium,Low,Mismatch,W2,W1,Mismatch,HR Essentials,HR Essentials,Match,LVP-01,LVP-01,Match,2.1,2.1,Match,,,,Yes,Yes,Match,No,Covered,Traced,Verified,"priority: GenAI 'Low', matrix 'Medium'; due stage: GenAI 'W1', matrix 'W2' (LVP-01 §2.1)."
P-E003 v1,Nurul Aina Rahman,GRE,R-LVP-01-002,LVP-01 §2.4,Yes,Yes,Match,Yes,Yes,Match,Medium,Low,Mismatch,W2,W1,Mismatch,HR Essentials,HR Essentials,Match,LVP-01,LVP-01,Match,2.4,2.4,Match,,,,Yes,Yes,Match,No,Covered,Traced,Verified,"priority: GenAI 'Low', matrix 'Medium'; due stage: GenAI 'W1', matrix 'W2' (LVP-01 §2.4)."
P-E003 v1,Nurul Aina Rahman,GRE,R-LVP-01-003,LVP-01 §3.1,Yes,Yes,Match,Yes,Yes,Match,High,Low,Mismatch,D1,W1,Mismatch,HR Essentials,HR Essentials,Match,LVP-01,LVP-01,Match,3.1,3.1,Match,,,,Yes,Yes,Match,No,Covered,Traced,Verified with Warning,"priority: GenAI 'Low', matrix 'High'; due stage: GenAI 'W1', matrix 'D1' (LVP-01 §3.1)."
P-E003 v1,Nurul Aina Rahman,GRE,R-LVP-01-004,LVP-01 §3.3,Yes,Yes,Match,Yes,Yes,Match,Medium,Low,Mismatch,W2,W1,Mismatch,HR Essentials,HR Essentials,Match,LVP-01,LVP-01,Match,3.3,3.4,Mismatch,,,,Yes,Yes,Match,No,Covered,Traced,Verified with Warning,"priority: GenAI 'Low', matrix 'Medium'; due stage: GenAI 'W1', matrix 'W2'; source section: GenAI '3.4', matrix '3.3' (LVP-01 §3.3)."
P-E003 v1,Nurul Aina Rahman,GRE,R-LVP-01-005,LVP-01 §4.2,Yes,Yes,Match,Yes,Yes,Match,Medium,Low,Mismatch,W2,W1,Mismatch,HR Essentials,HR Essentials,Match,LVP-01,LVP-01,Match,4.2,4.2,Match,,,,Yes,Yes,Match,No,Covered,Traced,Verified,"priority: GenAI 'Low', matrix 'Medium'; due stage: GenAI 'W1', matrix 'W2' (LVP-01 §4.2)."
P-E003 v1,Nurul Aina Rahman,GRE,R-MEM-01-002,MEM-01 §para 4,Yes,Yes,Match,No,Yes,Mismatch,Low,Medium,Mismatch,D30,D1,Mismatch,Workplace Conduct,Workplace Conduct,Match,MEM-01,MEM-01,Match,para 4,para 4,Match,,,,,,,No,Included,Traced,Partially Verified,"mandatory status: GenAI True, matrix False; priority: GenAI 'Medium', matrix 'Low'; due stage: GenAI 'D1', matrix 'D30' (MEM-01 §para 4)."
P-E003 v1,Nurul Aina Rahman,GRE,R-ROL-01-003,ROL-01 §2.3,Yes,Yes,Match,Yes,Yes,Match,Medium,High,Mismatch,W1,D1,Mismatch,Guest Service Recovery,Front Office Operations,Mismatch,ROL-01,ROL-01,Match,2.3,2.3,Match,,,,,,,No,Covered,Traced,Verified with Warning,"priority: GenAI 'High', matrix 'Medium'; due stage: GenAI 'D1', matrix 'W1'; module category: GenAI 'Front Office Operations', matrix 'Guest Service Recovery' (ROL-01 §2.3)."
P-E003 v1,Nurul Aina Rahman,GRE,R-ROL-01-004,ROL-01 §2.4,Yes,Yes,Match,Yes,Yes,Match,High,High,Match,W1,D1,Mismatch,Incident Management,Front Office Operations,Mismatch,ROL-01,ROL-01,Match,2.4,2.4,Match,,,,Yes,Yes,Match,No,Covered,Traced,Verified,"due stage: GenAI 'D1', matrix 'W1'; module category: GenAI 'Front Office Operations', matrix 'Incident Management' (ROL-01 §2.4)."
P-E003 v1,Nurul Aina Rahman,GRE,R-SOP-GR-01-001,SOP-GR-01 §2.1,Yes,Yes,Match,Yes,Yes,Match,High,High,Match,D1,D1,Match,Guest Service Recovery,Guest Service Recovery,Match,SOP-GR-01,SOP-GR-01,Match,2.1,2.1,Match,,,,,,,Yes,Covered,Traced,Verified,GenAI and the matrix agree on every compared field.
P-E003 v1,Nurul Aina Rahman,GRE,R-SOP-GR-01-002,SOP-GR-01 §2.3,Yes,Yes,Match,Yes,Yes,Match,Medium,High,Mismatch,W2,D1,Mismatch,Guest Service Recovery,Guest Service Recovery,Match,SOP-GR-01,SOP-GR-01,Match,2.3,2.3,Match,,,,Yes,Yes,Match,No,Covered,Traced,Verified,"priority: GenAI 'High', matrix 'Medium'; due stage: GenAI 'D1', matrix 'W2' (SOP-GR-01 §2.3)."
P-E003 v1,Nurul Aina Rahman,GRE,R-SOP-GR-01-003,SOP-GR-01 §3.1,Yes,Yes,Match,Yes,Yes,Match,Medium,High,Mismatch,W2,D1,Mismatch,Guest Service Recovery,Guest Service Recovery,Match,SOP-GR-01,SOP-GR-01,Match,3.1,3.1,Match,,,,Yes,Yes,Match,No,Covered,Traced,Verified,"priority: GenAI 'High', matrix 'Medium'; due stage: GenAI 'D1', matrix 'W2' (SOP-GR-01 §3.1)."
P-E003 v1,Nurul Aina Rahman,GRE,R-SOP-GR-01-004,SOP-GR-01 §3.2,No,Yes,Mismatch,,,,,,,,,,,,,,,,,,,,,,,,,No,Included,Traced,Unsupported Requirement,"GenAI included R-SOP-GR-01-004, but the matrix does not expect it for this employee (another role or a condition that does not apply)."
P-E003 v1,Nurul Aina Rahman,GRE,R-SOP-GR-01-005,SOP-GR-01 §4.1,Yes,Yes,Match,Yes,Yes,Match,Medium,High,Mismatch,W2,W1,Mismatch,Guest Service Recovery,Guest Service Recovery,Match,SOP-GR-01,SOP-GR-01,Match,4.1,4.1,Match,Yes,Yes,Match,Yes,Yes,Match,No,Covered,Traced,Verified,"priority: GenAI 'High', matrix 'Medium'; due stage: GenAI 'W1', matrix 'W2' (SOP-GR-01 §4.1)."
P-E003 v1,Nurul Aina Rahman,GRE,R-SOP-GR-01-006,SOP-GR-01 §5.1,Yes,Yes,Match,Yes,Yes,Match,High,High,Match,W1,D1,Mismatch,Guest Service Recovery,Guest Service Recovery,Match,SOP-GR-01,SOP-GR-01,Match,5.1,5.1,Match,,,,Yes,Yes,Match,No,Covered,Traced,Verified,"due stage: GenAI 'D1', matrix 'W1' (SOP-GR-01 §5.1)."
P-E003 v1,Nurul Aina Rahman,GRE,R-SOP-HK-02-001,SOP-HK-02 §2.1,Yes,Yes,Match,Yes,Yes,Match,Medium,Medium,Match,W2,W1,Mismatch,Housekeeping Operations,Housekeeping Operations,Match,SOP-HK-02,SOP-HK-02,Match,2.1,2.1,Match,,,,Yes,Yes,Match,No,Covered,Traced,Outdated Source,"due stage: GenAI 'W1', matrix 'W2' (SOP-HK-02 §2.1)."
P-E003 v1,Nurul Aina Rahman,GRE,R-SOP-HK-02-002,SOP-HK-02 §2.3,Yes,Yes,Match,Yes,Yes,Match,Medium,Medium,Match,W2,W1,Mismatch,Housekeeping Operations,Housekeeping Operations,Match,SOP-HK-02,SOP-HK-02,Match,2.3,2.3,Match,,,,Yes,Yes,Match,No,Covered,Traced,Outdated Source,"due stage: GenAI 'W1', matrix 'W2' (SOP-HK-02 §2.3)."
P-E003 v1,Nurul Aina Rahman,GRE,R-SOP-HK-02-003,SOP-HK-02 §3.1,Yes,Yes,Match,Yes,Yes,Match,Medium,Low,Mismatch,W2,W2,Match,Housekeeping Operations,Housekeeping Operations,Match,SOP-HK-02,SOP-HK-02,Match,3.1,3.1,Match,,,,Yes,Yes,Match,No,Covered,Traced,Outdated Source,"priority: GenAI 'Low', matrix 'Medium' (SOP-HK-02 §3.1)."
P-E003 v1,Nurul Aina Rahman,GRE,R-SOP-HK-02-004,SOP-HK-02 §3.4,Yes,Yes,Match,Yes,Yes,Match,Medium,Medium,Match,W2,W1,Mismatch,General,Housekeeping Operations,Mismatch,SOP-HK-02,SOP-HK-02,Match,3.4,3.4,Match,,,,Yes,Yes,Match,No,Covered,Traced,Outdated Source,"due stage: GenAI 'W1', matrix 'W2'; module category: GenAI 'Housekeeping Operations', matrix 'General' (SOP-HK-02 §3.4)."
P-E003 v1,Nurul Aina Rahman,GRE,R-SOP-HK-02-005,SOP-HK-02 §4.1,Yes,Yes,Match,No,No,Match,Low,Low,Match,D30,W2,Mismatch,General,Housekeeping Operations,Mismatch,SOP-HK-02,SOP-HK-02,Match,4.1,4.1,Match,,,,,,,No,Included,Traced,Outdated Source,"due stage: GenAI 'W2', matrix 'D30'; module category: GenAI 'Housekeeping Operations', matrix 'General' (SOP-HK-02 §4.1)."
P-E005 v1,Grace Tan,FBA,R-CMP-01-001,CMP-01 §2.1,Yes,Yes,Match,Yes,Yes,Match,High,High,Match,D1,D1,Match,Fire & Life Safety,Fire & Life Safety,Match,CMP-01,CMP-01,Match,2.1,2.1,Match,,,,Yes,Yes,Match,Yes,Covered,Traced,Verified,GenAI and the matrix agree on every compared field.
P-E005 v1,Grace Tan,FBA,R-CMP-01-002,CMP-01 §2.2,Yes,Yes,Match,Yes,Yes,Match,High,High,Match,W1,W1,Match,Data Privacy,Data Privacy,Match,CMP-01,CMP-01,Match,2.2,2.2,Match,,,,,,,Yes,Covered,Traced,Verified,GenAI and the matrix agree on every compared field.
P-E005 v1,Grace Tan,FBA,R-CMP-01-003,CMP-01 §2.3,Yes,Yes,Match,Yes,Yes,Match,High,Medium,Mismatch,W1,W1,Match,General,Information Security,Mismatch,CMP-01,CMP-01,Match,2.3,2.3,Match,,,,,,,No,Covered,Traced,Verified,"priority: GenAI 'Medium', matrix 'High'; module category: GenAI 'Information Security', matrix 'General' (CMP-01 §2.3)."
P-E005 v1,Grace Tan,FBA,R-CMP-01-004,CMP-01 §3.1,Yes,Yes,Match,Yes,Yes,Match,Medium,Medium,Match,D30,D30,Match,Company Orientation,HR Essentials,Mismatch,CMP-01,CMP-01,Match,3.1,3.1,Match,,,,Yes,Yes,Match,No,Covered,Traced,Verified,"module category: GenAI 'HR Essentials', matrix 'Company Orientation' (CMP-01 §3.1)."
P-E005 v1,Grace Tan,FBA,R-CMP-01-005,CMP-01 §3.3,Yes,Yes,Match,Yes,Yes,Match,Medium,Medium,Match,W2,D30,Mismatch,Company Orientation,HR Operations,Mismatch,CMP-01,CMP-01,Match,3.3,3.3,Match,,,,Yes,Yes,Match,No,Covered,Traced,Verified,"due stage: GenAI 'D30', matrix 'W2'; module category: GenAI 'HR Operations', matrix 'Company Orientation' (CMP-01 §3.3)."
P-E005 v1,Grace Tan,FBA,R-CMP-01-006,CMP-01 §4.1,Yes,No,Mismatch,,,,,,,,,,,,,,,,,,,,,,,,,No,Missing,Traced,Requirement Missing,"The matrix expects R-CMP-01-006 (mandatory, CMP-01 §4.1); GenAI left it out."
P-E005 v1,Grace Tan,FBA,R-COC-01-001,COC-01 §1.3,Yes,Yes,Match,Yes,Yes,Match,High,High,Match,D1,D1,Match,Workplace Conduct,Workplace Conduct,Match,COC-01,COC-01,Match,1.3,1.3,Match,,,,,,,Yes,Covered,Traced,Verified,GenAI and the matrix agree on every compared field.
P-E005 v1,Grace Tan,FBA,R-COC-01-002,COC-01 §2.1,Yes,Yes,Match,Yes,Yes,Match,High,High,Match,W1,D1,Mismatch,Workplace Conduct,Workplace Conduct,Match,COC-01,COC-01,Match,2.1,2.1,Match,,,,Yes,Yes,Match,No,Covered,Traced,Verified,"due stage: GenAI 'D1', matrix 'W1' (COC-01 §2.1)."
P-E005 v1,Grace Tan,FBA,R-COC-01-003,COC-01 §3.2,Yes,Yes,Match,Yes,Yes,Match,Medium,Low,Mismatch,W2,D30,Mismatch,Workplace Conduct,Workplace Conduct,Match,COC-01,COC-01,Match,3.2,3.2,Match,,,,Yes,Yes,Match,No,Covered,Traced,Verified,"priority: GenAI 'Low', matrix 'Medium'; due stage: GenAI 'D30', matrix 'W2' (COC-01 §3.2)."
P-E005 v1,Grace Tan,FBA,R-COC-01-004,COC-01 §4.1,Yes,Yes,Match,Yes,Yes,Match,Medium,High,Mismatch,W2,D1,Mismatch,Workplace Conduct,Company Orientation,Mismatch,COC-01,COC-01,Match,4.1,4.1,Match,,,,Yes,Yes,Match,No,Covered,Traced,Verified,"priority: GenAI 'High', matrix 'Medium'; due stage: GenAI 'D1', matrix 'W2'; module category: GenAI 'Company Orientation', matrix 'Workplace Conduct' (COC-01 §4.1)."
P-E005 v1,Grace Tan,FBA,R-COC-01-006,COC-01 §5.1,Yes,Yes,Match,Yes,Yes,Match,High,Medium,Mismatch,W1,W1,Match,Incident Management,Information Security,Mismatch,COC-01,COC-01,Match,5.1,5.1,Match,,,,Yes,Yes,Match,No,Covered,Traced,Verified,"priority: GenAI 'Medium', matrix 'High'; module category: GenAI 'Information Security', matrix 'Incident Management' (COC-01 §5.1)."
P-E005 v1,Grace Tan,FBA,R-COC-01-007,COC-01 §6.3,Yes,Yes,Match,Yes,Yes,Match,Medium,Medium,Match,W2,W1,Mismatch,Workplace Conduct,HR Operations,Mismatch,COC-01,COC-01,Match,6.3,6.3,Match,,,,Yes,Yes,Match,No,Covered,Traced,Verified,"due stage: GenAI 'W1', matrix 'W2'; module category: GenAI 'HR Operations', matrix 'Workplace Conduct' (COC-01 §6.3)."
P-E005 v1,Grace Tan,FBA,R-ESC-01-001,ESC-01 §2.1,Yes,Yes,Match,Yes,Yes,Match,High,High,Match,W1,D1,Mismatch,Health & Safety,Incident Management,Mismatch,ESC-01,ESC-01,Match,2.1,2.1,Match,,,,Yes,Yes,Match,No,Covered,Traced,Verified with Warning,"due stage: GenAI 'D1', matrix 'W1'; module category: GenAI 'Incident Management', matrix 'Health & Safety' (ESC-01 §2.1)."
P-E005 v1,Grace Tan,FBA,R-ESC-01-005,ESC-01 §4.1,Yes,Yes,Match,Yes,Yes,Match,High,High,Match,W1,D1,Mismatch,Incident Management,Workplace Conduct,Mismatch,ESC-01,ESC-01,Match,4.1,4.1,Match,,,,Yes,Yes,Match,No,Covered,Traced,Verified,"due stage: GenAI 'D1', matrix 'W1'; module category: GenAI 'Workplace Conduct', matrix 'Incident Management' (ESC-01 §4.1)."
P-E005 v1,Grace Tan,FBA,R-FAQ-01-002,FAQ-01 §Q7,Yes,Yes,Match,Yes,Yes,Match,Medium,Medium,Match,W2,D1,Mismatch,Workplace Conduct,Health & Safety,Mismatch,FAQ-01,FAQ-01,Match,Q7,Q7,Match,,,,Yes,Yes,Match,No,Covered,Traced,Verified,"due stage: GenAI 'D1', matrix 'W2'; module category: GenAI 'Health & Safety', matrix 'Workplace Conduct' (FAQ-01 §Q7)."
P-E005 v1,Grace Tan,FBA,R-FAQ-01-004,FAQ-01 §Q15,Yes,Yes,Match,No,No,Match,Low,Low,Match,D30,W1,Mismatch,General,Guest Service Recovery,Mismatch,FAQ-01,FAQ-01,Match,Q15,Q15,Match,,,,,,,No,Included,Traced,Verified,"due stage: GenAI 'W1', matrix 'D30'; module category: GenAI 'Guest Service Recovery', matrix 'General' (FAQ-01 §Q15)."
P-E005 v1,Grace Tan,FBA,R-FIN-01-001,FIN-01 §2.1,Yes,No,Mismatch,,,,,,,,,,,,,,,,,,,,,,,,,No,Missing,Traced,Requirement Missing,"The matrix expects R-FIN-01-001 (mandatory, FIN-01 §2.1); GenAI left it out."
P-E005 v1,Grace Tan,FBA,R-FIN-01-002,FIN-01 §2.4,Yes,No,Mismatch,,,,,,,,,,,,,,,,,,,,,,,,,No,Missing,Traced,Requirement Missing,"The matrix expects R-FIN-01-002 (mandatory, FIN-01 §2.4); GenAI left it out."
P-E005 v1,Grace Tan,FBA,R-FIN-01-003,FIN-01 §3.1,Yes,No,Mismatch,,,,,,,,,,,,,,,,,,,,,,,,,No,Missing,Traced,Requirement Missing,"The matrix expects R-FIN-01-003 (mandatory, FIN-01 §3.1); GenAI left it out."
P-E005 v1,Grace Tan,FBA,R-FIN-01-004,FIN-01 §4.2,Yes,Yes,Match,Yes,Yes,Match,Medium,Medium,Match,D30,W1,Mismatch,Finance Operations,Finance Operations,Match,FIN-01,FIN-01,Match,4.2,4.2,Match,,,,Yes,Yes,Match,No,Covered,Traced,Verified with Warning,"due stage: GenAI 'W1', matrix 'D30' (FIN-01 §4.2)."
P-E005 v1,Grace Tan,FBA,R-FIN-01-005,FIN-01 §5.2,Yes,No,Mismatch,,,,,,,,,,,,,,,,,,,,,,,,,No,Missing,Traced,Requirement Missing,"The matrix expects R-FIN-01-005 (mandatory, FIN-01 §5.2); GenAI left it out."
P-E005 v1,Grace Tan,FBA,R-FLS-01-001,FLS-01 §1.2,Yes,Yes,Match,Yes,Yes,Match,High,High,Match,D1,D1,Match,Fire & Life Safety,Fire & Life Safety,Match,FLS-01,FLS-01,Match,1.2,1.2,Match,,,,,,,Yes,Covered,Traced,Verified,GenAI and the matrix agree on every compared field.
P-E005 v1,Grace Tan,FBA,R-FLS-01-002,FLS-01 §1.3,Yes,Yes,Match,Yes,Yes,Match,High,High,Match,W1,D1,Mismatch,Fire & Life Safety,Fire & Life Safety,Match,FLS-01,FLS-01,Match,1.3,1.3,Match,,,,Yes,Yes,Match,No,Covered,Traced,Verified,"due stage: GenAI 'D1', matrix 'W1' (FLS-01 §1.3)."
P-E005 v1,Grace Tan,FBA,R-FLS-01-003,FLS-01 §2.1,Yes,Yes,Match,Yes,Yes,Match,High,High,Match,W1,D1,Mismatch,Fire & Life Safety,Fire & Life Safety,Match,FLS-01,FLS-01,Match,2.1,2.1,Match,,,,Yes,Yes,Match,No,Covered,Traced,Verified,"due stage: GenAI 'D1', matrix 'W1' (FLS-01 §2.1)."
P-E005 v1,Grace Tan,FBA,R-FLS-01-004,FLS-01 §3.1,Yes,Yes,Match,Yes,Yes,Match,High,Medium,Mismatch,D90,D90,Match,Fire & Life Safety,Fire & Life Safety,Match,FLS-01,FLS-01,Match,3.1,3.1,Match,,,,,,,No,Covered,Traced,Verified with Warning,"priority: GenAI 'Medium', matrix 'High' (FLS-01 §3.1)."
P-E005 v1,Grace Tan,FBA,R-FLS-01-005,FLS-01 §3.4,Yes,No,Mismatch,,,,,,,,,,,,,,,,,,,,,,,,,No,Missing,Traced,Requirement Missing,"The matrix expects R-FLS-01-005 (mandatory, FLS-01 §3.4); GenAI left it out."
P-E005 v1,Grace Tan,FBA,R-FSA-01-001,FSA-01 §1.2,Yes,Yes,Match,Yes,Yes,Match,High,High,Match,W1,D1,Mismatch,Food Safety,Food Safety,Match,FSA-01,FSA-01,Match,1.2,1.2,Match,,,,,,,No,Covered,Traced,Verified,"due stage: GenAI 'D1', matrix 'W1' (FSA-01 §1.2)."
P-E005 v1,Grace Tan,FBA,R-FSA-01-002,FSA-01 §2.1,Yes,Yes,Match,Yes,Yes,Match,High,High,Match,W1,D1,Mismatch,Food Safety,Food Safety,Match,FSA-01,FSA-01,Match,2.1,2.1,Match,,,,Yes,Yes,Match,No,Covered,Traced,Verified,"due stage: GenAI 'D1', matrix 'W1' (FSA-01 §2.1)."
P-E005 v1,Grace Tan,FBA,R-FSA-01-003,FSA-01 §2.3,Yes,Yes,Match,Yes,Yes,Match,High,High,Match,W1,D1,Mismatch,Food Safety,Food Safety,Match,FSA-01,FSA-01,Match,2.3,2.3,Match,,,,Yes,Yes,Match,No,Covered,Traced,Verified,"due stage: GenAI 'D1', matrix 'W1' (FSA-01 §2.3)."
P-E005 v1,Grace Tan,FBA,R-FSA-01-004,FSA-01 §3.1,Yes,Yes,Match,Yes,Yes,Match,High,High,Match,W1,D1,Mismatch,Food Safety,Food Safety,Match,FSA-01,FSA-01,Match,3.1,3.1,Match,,,,Yes,Yes,Match,No,Covered,Traced,Verified,"due stage: GenAI 'D1', matrix 'W1' (FSA-01 §3.1)."
P-E005 v1,Grace Tan,FBA,R-FSA-01-005,FSA-01 §3.2,Yes,Yes,Match,Yes,Yes,Match,High,High,Match,W1,D1,Mismatch,Food Safety,Food Safety,Match,FSA-01,FSA-01,Match,3.2,3.2,Match,,,,Yes,Yes,Match,No,Covered,Traced,Verified,"due stage: GenAI 'D1', matrix 'W1' (FSA-01 §3.2)."
P-E005 v1,Grace Tan,FBA,R-FSA-01-006,FSA-01 §4.1,Yes,Yes,Match,Yes,Yes,Match,High,High,Match,W1,D1,Mismatch,Food Safety,Food Safety,Match,FSA-01,FSA-01,Match,4.1,4.1,Match,,,,Yes,Yes,Match,No,Covered,Traced,Verified,"due stage: GenAI 'D1', matrix 'W1' (FSA-01 §4.1)."
P-E005 v1,Grace Tan,FBA,R-FSA-01-007,FSA-01 §5.1,Yes,Yes,Match,No,No,Match,Low,Low,Match,D60,D60,Match,Food Safety,Food Safety,Match,FSA-01,FSA-01,Match,5.1,5.1,Match,,,,,,,Yes,Included,Traced,Verified,GenAI and the matrix agree on every compared field.
P-E005 v1,Grace Tan,FBA,R-GDP-01-001,GDP-01 §2.1,Yes,Yes,Match,Yes,Yes,Match,High,High,Match,W1,W1,Match,Data Privacy,Data Privacy,Match,GDP-01,GDP-01,Match,2.1,2.1,Match,,,,,,,Yes,Covered,Traced,Verified,GenAI and the matrix agree on every compared field.
P-E005 v1,Grace Tan,FBA,R-GDP-01-002,GDP-01 §3.1,Yes,Yes,Match,Yes,Yes,Match,High,High,Match,W1,D1,Mismatch,Data Privacy,Data Privacy,Match,GDP-01,GDP-01,Match,3.1,3.1,Match,,,,Yes,Yes,Match,No,Covered,Traced,Verified,"due stage: GenAI 'D1', matrix 'W1' (GDP-01 §3.1)."
P-E005 v1,Grace Tan,FBA,R-GDP-01-003,GDP-01 §4.1,Yes,Yes,Match,Yes,Yes,Match,High,Medium,Mismatch,W1,D30,Mismatch,Data Privacy,Data Privacy,Match,GDP-01,GDP-01,Match,4.1,4.1,Match,,,,Yes,Yes,Match,No,Covered,Traced,Verified,"priority: GenAI 'Medium', matrix 'High'; due stage: GenAI 'D30', matrix 'W1' (GDP-01 §4.1)."
P-E005 v1,Grace Tan,FBA,R-GDP-01-004,GDP-01 §4.2,Yes,Yes,Match,Yes,Yes,Match,High,Medium,Mismatch,W1,D30,Mismatch,Data Privacy,Data Privacy,Match,GDP-01,GDP-01,Match,4.2,4.2,Match,,,,Yes,Yes,Match,No,Covered,Traced,Verified,"priority: GenAI 'Medium', matrix 'High'; due stage: GenAI 'D30', matrix 'W1' (GDP-01 §4.2)."
P-E005 v1,Grace Tan,FBA,R-GDP-01-005,GDP-01 §5.1,Yes,Yes,Match,Yes,Yes,Match,High,High,Match,W1,D1,Mismatch,Data Privacy,Data Privacy,Match,GDP-01,GDP-01,Match,5.1,5.1,Match,,,,Yes,Yes,Match,No,Covered,Traced,Verified,"due stage: GenAI 'D1', matrix 'W1' (GDP-01 §5.1)."
P-E005 v1,Grace Tan,FBA,R-GDP-01-006,GDP-01 §5.4,Yes,Yes,Match,Yes,Yes,Match,High,High,Match,W1,D1,Mismatch,Data Privacy,Data Privacy,Match,GDP-01,GDP-01,Match,5.4,5.4,Match,,,,Yes,Yes,Match,No,Covered,Traced,Verified,"due stage: GenAI 'D1', matrix 'W1' (GDP-01 §5.4)."
P-E005 v1,Grace Tan,FBA,R-GDP-01-007,GDP-01 §6.1,Yes,Yes,Match,Yes,Yes,Match,High,Low,Mismatch,W1,D30,Mismatch,HR Operations,Data Privacy,Mismatch,GDP-01,GDP-01,Match,6.1,6.1,Match,,,,Yes,Yes,Match,No,Covered,Traced,Verified,"priority: GenAI 'Low', matrix 'High'; due stage: GenAI 'D30', matrix 'W1'; module category: GenAI 'Data Privacy', matrix 'HR Operations' (GDP-01 §6.1)."
P-E005 v1,Grace Tan,FBA,R-GDP-01-008,GDP-01 §7.1,Yes,Yes,Match,Yes,Yes,Match,High,High,Match,W1,D1,Mismatch,Data Privacy,Data Privacy,Match,GDP-01,GDP-01,Match,7.1,7.1,Match,,,,Yes,Yes,Match,No,Covered,Traced,Verified,"due stage: GenAI 'D1', matrix 'W1' (GDP-01 §7.1)."
P-E005 v1,Grace Tan,FBA,R-GDP-01-009,GDP-01 §4.5,Yes,Yes,Match,Yes,Yes,Match,High,High,Match,W1,D1,Mismatch,Data Privacy,Data Privacy,Match,GDP-01,GDP-01,Match,4.5,4.5,Match,,,,Yes,Yes,Match,No,Covered,Traced,Verified,"due stage: GenAI 'D1', matrix 'W1' (GDP-01 §4.5)."
P-E005 v1,Grace Tan,FBA,R-HBK-01-001,HBK-01 §1.2,Yes,Yes,Match,Yes,Yes,Match,High,High,Match,D1,D1,Match,Company Orientation,Company Orientation,Match,HBK-01,HBK-01,Match,1.2,1.2,Match,,,,,,,Yes,Covered,Traced,Verified,GenAI and the matrix agree on every compared field.
P-E005 v1,Grace Tan,FBA,R-HBK-01-002,HBK-01 §2.1,Yes,Yes,Match,Yes,Yes,Match,High,High,Match,D1,D1,Match,Company Orientation,Company Orientation,Match,HBK-01,HBK-01,Match,2.1,2.1,Match,,,,,,,Yes,Covered,Traced,Verified,GenAI and the matrix agree on every compared field.
P-E005 v1,Grace Tan,FBA,R-HBK-01-003,HBK-01 §2.4,Yes,Yes,Match,Yes,Yes,Match,Medium,High,Mismatch,W2,D1,Mismatch,Company Orientation,Company Orientation,Match,HBK-01,HBK-01,Match,2.4,2.4,Match,,,,Yes,Yes,Match,No,Covered,Traced,Verified,"priority: GenAI 'High', matrix 'Medium'; due stage: GenAI 'D1', matrix 'W2' (HBK-01 §2.4)."
P-E005 v1,Grace Tan,FBA,R-HBK-01-004,HBK-01 §3.2,Yes,Yes,Match,No,No,Match,Low,Medium,Mismatch,D30,D30,Match,Company Orientation,Company Orientation,Match,HBK-01,HBK-01,Match,3.2,3.2,Match,,,,,,,No,Included,Traced,Verified,"priority: GenAI 'Medium', matrix 'Low' (HBK-01 §3.2)."
P-E005 v1,Grace Tan,FBA,R-HRP-01-001,HRP-01 §2.1,Yes,Yes,Match,Yes,Yes,Match,Medium,High,Mismatch,W1,D1,Mismatch,HR Essentials,HR Essentials,Match,HRP-01,HRP-01,Match,2.1,2.1,Match,,,,,,,No,Covered,Traced,Verified with Warning,"priority: GenAI 'High', matrix 'Medium'; due stage: GenAI 'D1', matrix 'W1' (HRP-01 §2.1)."
P-E005 v1,Grace Tan,FBA,R-HRP-01-002,HRP-01 §2.3,Yes,Yes,Match,Yes,Yes,Match,Medium,Medium,Match,W1,D30,Mismatch,Front Office Operations,HR Operations,Mismatch,HRP-01,HRP-01,Match,2.3,2.3,Match,,,,,,,No,Covered,Traced,Verified,"due stage: GenAI 'D30', matrix 'W1'; module category: GenAI 'HR Operations', matrix 'Front Office Operations' (HRP-01 §2.3)."
P-E005 v1,Grace Tan,FBA,R-HRP-01-003,HRP-01 §3.1,Yes,Yes,Match,Yes,Yes,Match,Medium,High,Mismatch,W2,D1,Mismatch,HR Essentials,HR Operations,Mismatch,HRP-01,HRP-01,Match,3.1,3.1,Match,,,,Yes,Yes,Match,No,Covered,Traced,Verified,"priority: GenAI 'High', matrix 'Medium'; due stage: GenAI 'D1', matrix 'W2'; module category: GenAI 'HR Operations', matrix 'HR Essentials' (HRP-01 §3.1)."
P-E005 v1,Grace Tan,FBA,R-HRP-01-004,HRP-01 §3.4,Yes,Yes,Match,Yes,Yes,Match,Medium,Medium,Match,W2,W1,Mismatch,HR Essentials,HR Operations,Mismatch,HRP-01,HRP-01,Match,3.4,3.4,Match,,,,Yes,Yes,Match,No,Covered,Traced,Verified,"due stage: GenAI 'W1', matrix 'W2'; module category: GenAI 'HR Operations', matrix 'HR Essentials' (HRP-01 §3.4)."
P-E005 v1,Grace Tan,FBA,R-HRP-01-005,HRP-01 §4.2,Yes,Yes,Match,Yes,Yes,Match,Medium,High,Mismatch,W2,D1,Mismatch,HR Essentials,HR Operations,Mismatch,HRP-01,HRP-01,Match,4.2,4.2,Match,,,,Yes,Yes,Match,No,Covered,Traced,Verified,"priority: GenAI 'High', matrix 'Medium'; due stage: GenAI 'D1', matrix 'W2'; module category: GenAI 'HR Operations', matrix 'HR Essentials' (HRP-01 §4.2)."
P-E005 v1,Grace Tan,FBA,R-HRP-01-006,HRP-01 §5.1,Yes,Yes,Match,Yes,Yes,Match,Medium,Low,Mismatch,W2,W2,Match,HR Essentials,Workplace Conduct,Mismatch,HRP-01,HRP-01,Match,5.1,5.1,Match,,,,Yes,Yes,Match,No,Covered,Traced,Verified,"priority: GenAI 'Low', matrix 'Medium'; module category: GenAI 'Workplace Conduct', matrix 'HR Essentials' (HRP-01 §5.1)."
P-E005 v1,Grace Tan,FBA,R-HRP-01-007,HRP-01 §6.2,Yes,Yes,Match,No,No,Match,Low,Low,Match,D30,D90,Mismatch,HR Essentials,HR Essentials,Match,HRP-01,HRP-01,Match,6.2,6.2,Match,,,,,,,No,Included,Traced,Verified,"due stage: GenAI 'D90', matrix 'D30' (HRP-01 §6.2)."
P-E005 v1,Grace Tan,FBA,R-HSP-01-002,HSP-01 §3.1,Yes,Yes,Match,Yes,Yes,Match,High,High,Match,W1,D1,Mismatch,Health & Safety,Health & Safety,Match,HSP-01,HSP-01,Match,3.1,3.1,Match,,,,Yes,Yes,Match,No,Covered,Traced,Verified,"due stage: GenAI 'D1', matrix 'W1' (HSP-01 §3.1)."
P-E005 v1,Grace Tan,FBA,R-HSP-01-003,HSP-01 §3.3,Yes,Yes,Match,Yes,Yes,Match,High,High,Match,W1,W1,Match,Health & Safety,Health & Safety,Match,HSP-01,HSP-01,Match,3.3,3.3,Match,,,,,,,Yes,Covered,Traced,Verified,GenAI and the matrix agree on every compared field.
P-E005 v1,Grace Tan,FBA,R-HSP-01-004,HSP-01 §4.1,Yes,Yes,Match,Yes,Yes,Match,High,Medium,Mismatch,W1,D1,Mismatch,Health & Safety,Health & Safety,Match,HSP-01,HSP-01,Match,4.1,4.1,Match,,,,Yes,Yes,Match,No,Covered,Traced,Verified,"priority: GenAI 'Medium', matrix 'High'; due stage: GenAI 'D1', matrix 'W1' (HSP-01 §4.1)."
P-E005 v1,Grace Tan,FBA,R-HSP-01-005,HSP-01 §5.2,Yes,No,Mismatch,,,,,,,,,,,,,,,,,,,,,,,,,No,Missing,Traced,Requirement Missing,"The matrix expects R-HSP-01-005 (mandatory, HSP-01 §5.2); GenAI left it out."
P-E005 v1,Grace Tan,FBA,R-HSP-01-007,HSP-01 §5.5,Yes,No,Mismatch,,,,,,,,,,,,,,,,,,,,,,,,,No,Missing,Traced,Requirement Missing,"The matrix expects R-HSP-01-007 (mandatory, HSP-01 §5.5); GenAI left it out."
P-E005 v1,Grace Tan,FBA,R-IRD-01-001,IRD-01 §1.1,Yes,Yes,Match,Yes,Yes,Match,Medium,High,Mismatch,W1,D1,Mismatch,In-Room Dining,In-Room Dining,Match,IRD-01,IRD-01,Match,1.1,1.1,Match,,,,,,,No,Covered,Traced,Verified,"priority: GenAI 'High', matrix 'Medium'; due stage: GenAI 'D1', matrix 'W1' (IRD-01 §1.1)."
P-E005 v1,Grace Tan,FBA,R-IRD-01-002,IRD-01 §2.1,Yes,Yes,Match,Yes,Yes,Match,Medium,Medium,Match,W2,D1,Mismatch,In-Room Dining,In-Room Dining,Match,IRD-01,IRD-01,Match,2.1,2.1,Match,,,,Yes,Yes,Match,No,Covered,Traced,Verified,"due stage: GenAI 'D1', matrix 'W2' (IRD-01 §2.1)."
P-E005 v1,Grace Tan,FBA,R-IRD-01-003,IRD-01 §2.4,Yes,Yes,Match,Yes,Yes,Match,Medium,High,Mismatch,W2,D1,Mismatch,In-Room Dining,In-Room Dining,Match,IRD-01,IRD-01,Match,2.4,2.4,Match,,,,Yes,Yes,Match,No,Covered,Traced,Verified,"priority: GenAI 'High', matrix 'Medium'; due stage: GenAI 'D1', matrix 'W2' (IRD-01 §2.4)."
P-E005 v1,Grace Tan,FBA,R-IRD-01-004,IRD-01 §3.2,Yes,Yes,Match,Yes,Yes,Match,Medium,Medium,Match,W2,W1,Mismatch,In-Room Dining,In-Room Dining,Match,IRD-01,IRD-01,Match,3.2,3.2,Match,,,,Yes,Yes,Match,No,Covered,Traced,Verified,"due stage: GenAI 'W1', matrix 'W2' (IRD-01 §3.2)."
P-E005 v1,Grace Tan,FBA,R-IRD-01-005,IRD-01 §4.1,Yes,Yes,Match,Yes,Yes,Match,Medium,High,Mismatch,W2,W1,Mismatch,In-Room Dining,In-Room Dining,Match,IRD-01,IRD-01,Match,4.1,4.1,Match,Yes,Yes,Match,Yes,Yes,Match,No,Covered,Traced,Verified,"priority: GenAI 'High', matrix 'Medium'; due stage: GenAI 'W1', matrix 'W2' (IRD-01 §4.1)."
P-E005 v1,Grace Tan,FBA,R-ISP-01-001,ISP-01 §2.1,Yes,Yes,Match,Yes,Yes,Match,High,High,Match,W1,D1,Mismatch,Information Security,Information Security,Match,ISP-01,ISP-01,Match,2.1,2.1,Match,,,,,,,No,Covered,Traced,Verified,"due stage: GenAI 'D1', matrix 'W1' (ISP-01 §2.1)."
P-E005 v1,Grace Tan,FBA,R-ISP-01-002,ISP-01 §3.1,Yes,Yes,Match,Yes,Yes,Match,High,High,Match,W1,D1,Mismatch,Information Security,Information Security,Match,ISP-01,ISP-01,Match,3.1,3.1,Match,,,,Yes,Yes,Match,No,Covered,Traced,Verified,"due stage: GenAI 'D1', matrix 'W1' (ISP-01 §3.1)."
P-E005 v1,Grace Tan,FBA,R-ISP-01-003,ISP-01 §3.3,Yes,Yes,Match,Yes,Yes,Match,High,High,Match,W1,D1,Mismatch,Information Security,Information Security,Match,ISP-01,ISP-01,Match,3.3,3.3,Match,,,,,,,No,Covered,Traced,Verified,"due stage: GenAI 'D1', matrix 'W1' (ISP-01 §3.3)."
P-E005 v1,Grace Tan,FBA,R-ISP-01-004,ISP-01 §3.5,Yes,Yes,Match,Yes,Yes,Match,High,High,Match,W1,D1,Mismatch,Information Security,Information Security,Match,ISP-01,ISP-01,Match,3.5,3.5,Match,,,,Yes,Yes,Match,No,Covered,Traced,Verified,"due stage: GenAI 'D1', matrix 'W1' (ISP-01 §3.5)."
P-E005 v1,Grace Tan,FBA,R-ISP-01-005,ISP-01 §4.2,Yes,Yes,Match,Yes,Yes,Match,High,High,Match,W1,D1,Mismatch,Information Security,Information Security,Match,ISP-01,ISP-01,Match,4.2,4.2,Match,,,,Yes,Yes,Match,No,Covered,Traced,Verified,"due stage: GenAI 'D1', matrix 'W1' (ISP-01 §4.2)."
P-E005 v1,Grace Tan,FBA,R-ISP-01-006,ISP-01 §5.1,Yes,Yes,Match,Yes,Yes,Match,High,High,Match,W1,W1,Match,Information Security,Information Security,Match,ISP-01,ISP-01,Match,5.1,5.1,Match,,,,Yes,Yes,Match,Yes,Covered,Traced,Verified,GenAI and the matrix agree on every compared field.
P-E005 v1,Grace Tan,FBA,R-ISP-01-007,ISP-01 §6.2,Yes,Yes,Match,Yes,Yes,Match,High,High,Match,W1,W1,Match,Information Security,Data Privacy,Mismatch,ISP-01,ISP-01,Match,6.2,6.2,Match,,,,Yes,Yes,Match,No,Covered,Traced,Verified,"module category: GenAI 'Data Privacy', matrix 'Information Security' (ISP-01 §6.2)."
P-E005 v1,Grace Tan,FBA,R-ISP-01-008,ISP-01 §7.1,Yes,Yes,Match,Yes,Yes,Match,High,High,Match,W1,D1,Mismatch,Incident Management,Incident Management,Match,ISP-01,ISP-01,Match,7.1,7.1,Match,,,,Yes,Yes,Match,No,Covered,Traced,Verified,"due stage: GenAI 'D1', matrix 'W1' (ISP-01 §7.1)."
P-E005 v1,Grace Tan,FBA,R-ITA-01-001,ITA-01 §2.1,Yes,Yes,Match,Yes,Yes,Match,High,High,Match,W1,D1,Mismatch,Information Security,Information Security,Match,ITA-01,ITA-01,Match,2.1,2.1,Match,,,,Yes,Yes,Match,No,Covered,Traced,Verified,"due stage: GenAI 'D1', matrix 'W1' (ITA-01 §2.1)."
P-E005 v1,Grace Tan,FBA,R-ITA-01-002,ITA-01 §2.3,Yes,Yes,Match,Yes,Yes,Match,Medium,Medium,Match,W2,D1,Mismatch,IT & Systems,Information Security,Mismatch,ITA-01,ITA-01,Match,2.3,2.3,Match,,,,Yes,Yes,Match,No,Covered,Traced,Verified,"due stage: GenAI 'D1', matrix 'W2'; module category: GenAI 'Information Security', matrix 'IT & Systems' (ITA-01 §2.3)."
P-E005 v1,Grace Tan,FBA,R-ITA-01-004,ITA-01 §3.4,Yes,Yes,Match,Yes,Yes,Match,Medium,Medium,Match,W2,W1,Mismatch,IT & Systems,Information Security,Mismatch,ITA-01,ITA-01,Match,3.4,3.4,Match,,,,Yes,Yes,Match,No,Covered,Traced,Verified,"due stage: GenAI 'W1', matrix 'W2'; module category: GenAI 'Information Security', matrix 'IT & Systems' (ITA-01 §3.4)."
P-E005 v1,Grace Tan,FBA,R-ITA-01-005,ITA-01 §4.1,Yes,Yes,Match,Yes,Yes,Match,Medium,High,Mismatch,W2,D1,Mismatch,IT & Systems,Information Security,Mismatch,ITA-01,ITA-01,Match,4.1,4.1,Match,,,,Yes,Yes,Match,No,Covered,Traced,Verified,"priority: GenAI 'High', matrix 'Medium'; due stage: GenAI 'D1', matrix 'W2'; module category: GenAI 'Information Security', matrix 'IT & Systems' (ITA-01 §4.1)."
P-E005 v1,Grace Tan,FBA,R-ITA-01-006,ITA-01 §5.2,Yes,Yes,Match,No,No,Match,Low,Low,Match,D30,W2,Mismatch,IT & Systems,IT & Systems,Match,ITA-01,ITA-01,Match,5.2,5.2,Match,,,,,,,No,Included,Traced,Verified,"due stage: GenAI 'W2', matrix 'D30' (ITA-01 §5.2)."
P-E005 v1,Grace Tan,FBA,R-LVP-01-001,LVP-01 §2.1,Yes,Yes,Match,Yes,Yes,Match,Medium,Medium,Match,W2,D30,Mismatch,HR Essentials,HR Operations,Mismatch,LVP-01,LVP-01,Match,2.1,2.1,Match,,,,Yes,Yes,Match,No,Covered,Traced,Verified,"due stage: GenAI 'D30', matrix 'W2'; module category: GenAI 'HR Operations', matrix 'HR Essentials' (LVP-01 §2.1)."
P-E005 v1,Grace Tan,FBA,R-LVP-01-002,LVP-01 §2.4,Yes,Yes,Match,Yes,Yes,Match,Medium,Low,Mismatch,W2,D60,Mismatch,HR Essentials,HR Operations,Mismatch,LVP-01,LVP-01,Match,2.4,2.4,Match,,,,Yes,Yes,Match,No,Covered,Traced,Verified,"priority: GenAI 'Low', matrix 'Medium'; due stage: GenAI 'D60', matrix 'W2'; module category: GenAI 'HR Operations', matrix 'HR Essentials' (LVP-01 §2.4)."
P-E005 v1,Grace Tan,FBA,R-LVP-01-003,LVP-01 §3.1,Yes,Yes,Match,Yes,Yes,Match,High,Medium,Mismatch,D1,W2,Mismatch,HR Essentials,HR Operations,Mismatch,LVP-01,LVP-01,Match,3.1,3.1,Match,,,,Yes,Yes,Match,No,Covered,Traced,Verified with Warning,"priority: GenAI 'Medium', matrix 'High'; due stage: GenAI 'W2', matrix 'D1'; module category: GenAI 'HR Operations', matrix 'HR Essentials' (LVP-01 §3.1)."
P-E005 v1,Grace Tan,FBA,R-LVP-01-004,LVP-01 §3.3,Yes,Yes,Match,Yes,Yes,Match,Medium,Medium,Match,W2,W2,Match,HR Essentials,HR Operations,Mismatch,LVP-01,LVP-01,Match,3.3,3.3,Match,,,,Yes,Yes,Match,No,Covered,Traced,Verified,"module category: GenAI 'HR Operations', matrix 'HR Essentials' (LVP-01 §3.3)."
P-E005 v1,Grace Tan,FBA,R-LVP-01-005,LVP-01 §4.2,Yes,Yes,Match,Yes,Yes,Match,Medium,Medium,Match,W2,W1,Mismatch,HR Essentials,HR Operations,Mismatch,LVP-01,LVP-01,Match,4.2,4.2,Match,,,,Yes,Yes,Match,No,Covered,Traced,Verified,"due stage: GenAI 'W1', matrix 'W2'; module category: GenAI 'HR Operations', matrix 'HR Essentials' (LVP-01 §4.2)."
P-E005 v1,Grace Tan,FBA,R-MEM-01-002,MEM-01 §para 4,Yes,Yes,Match,No,Yes,Mismatch,Low,Medium,Mismatch,D30,W1,Mismatch,Workplace Conduct,Workplace Conduct,Match,MEM-01,MEM-01,Match,para 4,para 4,Match,,,,,,,No,Included,Traced,Partially Verified,"mandatory status: GenAI True, matrix False; priority: GenAI 'Medium', matrix 'Low'; due stage: GenAI 'W1', matrix 'D30' (MEM-01 §para 4)."
P-E005 v1,Grace Tan,FBA,R-PCH-01-001,PCH-01 §1.2,Yes,Yes,Match,Yes,Yes,Match,High,High,Match,W1,D1,Mismatch,Payment & Cash Handling,Payment & Cash Handling,Match,PCH-01,PCH-01,Match,1.2,1.2,Match,,,,,,,No,Covered,Traced,Verified,"due stage: GenAI 'D1', matrix 'W1' (PCH-01 §1.2)."
P-E005 v1,Grace Tan,FBA,R-PCH-01-003,PCH-01 §2.3,Yes,Yes,Match,Yes,Yes,Match,High,Medium,Mismatch,W1,W1,Match,Payment & Cash Handling,Payment & Cash Handling,Match,PCH-01,PCH-01,Match,2.3,2.3,Match,,,,Yes,Yes,Match,No,Covered,Traced,Verified,"priority: GenAI 'Medium', matrix 'High' (PCH-01 §2.3)."
P-E005 v1,Grace Tan,FBA,R-PCH-01-004,PCH-01 §3.1,Yes,Yes,Match,Yes,Yes,Match,High,High,Match,W1,D1,Mismatch,Payment & Cash Handling,Payment & Cash Handling,Match,PCH-01,PCH-01,Match,3.1,3.1,Match,,,,Yes,Yes,Match,No,Covered,Traced,Verified,"due stage: GenAI 'D1', matrix 'W1' (PCH-01 §3.1)."
P-E005 v1,Grace Tan,FBA,R-PCH-01-005,PCH-01 §3.4,Yes,Yes,Match,Yes,Yes,Match,High,High,Match,W1,W1,Match,Payment & Cash Handling,Payment & Cash Handling,Match,PCH-01,PCH-01,Match,3.4,3.4,Match,,,,Yes,Yes,Match,Yes,Covered,Traced,Verified,GenAI and the matrix agree on every compared field.
P-E005 v1,Grace Tan,FBA,R-PCH-01-006,PCH-01 §3.6,Yes,Yes,Match,Yes,Yes,Match,High,Medium,Mismatch,W1,W1,Match,Payment & Cash Handling,Payment & Cash Handling,Match,PCH-01,PCH-01,Match,3.6,3.6,Match,,,,Yes,Yes,Match,No,Covered,Traced,Verified,"priority: GenAI 'Medium', matrix 'High' (PCH-01 §3.6)."
P-E005 v1,Grace Tan,FBA,R-PCH-01-007,PCH-01 §4.1,Yes,Yes,Match,Yes,Yes,Match,High,High,Match,W1,W1,Match,Payment & Cash Handling,Payment & Cash Handling,Match,PCH-01,PCH-01,Match,4.1,4.1,Match,,,,Yes,Yes,Match,Yes,Covered,Traced,Verified,GenAI and the matrix agree on every compared field.
P-E005 v1,Grace Tan,FBA,R-PCH-01-008,PCH-01 §5.2,No,Yes,Mismatch,,,,,,,,,,,,,,,,,,,,,,,,,No,Included,Traced,Unsupported Requirement,"GenAI included R-PCH-01-008, but the matrix does not expect it for this employee (another role or a condition that does not apply)."
P-E005 v1,Grace Tan,FBA,R-PCH-01-009,PCH-01 §2.1,Yes,Yes,Match,Yes,Yes,Match,High,High,Match,W1,D1,Mismatch,Payment & Cash Handling,Payment & Cash Handling,Match,PCH-01,PCH-01,Match,2.1,2.1,Match,,,,Yes,Yes,Match,No,Covered,Traced,Verified,"due stage: GenAI 'D1', matrix 'W1' (PCH-01 §2.1)."
P-E005 v1,Grace Tan,FBA,R-ROL-01-007,ROL-01 §4.3,Yes,Yes,Match,Yes,Yes,Match,High,High,Match,W1,D1,Mismatch,Food Safety,Company Orientation,Mismatch,ROL-01,ROL-01,Match,4.3,4.3,Match,,,,Yes,Yes,Match,No,Covered,Traced,Verified,"due stage: GenAI 'D1', matrix 'W1'; module category: GenAI 'Company Orientation', matrix 'Food Safety' (ROL-01 §4.3)."
P-E005 v1,Grace Tan,FBA,R-ROL-01-008,ROL-01 §4.4,Yes,Yes,Match,No,No,Match,Low,Medium,Mismatch,D60,D60,Match,General,Company Orientation,Mismatch,ROL-01,ROL-01,Match,4.4,4.4,Match,,,,,,,No,Included,Traced,Verified,"priority: GenAI 'Medium', matrix 'Low'; module category: GenAI 'Company Orientation', matrix 'General' (ROL-01 §4.4)."
P-E005 v1,Grace Tan,FBA,R-SOP-GR-01-001,SOP-GR-01 §2.1,Yes,Yes,Match,Yes,Yes,Match,High,High,Match,D1,D1,Match,Guest Service Recovery,Guest Service Recovery,Match,SOP-GR-01,SOP-GR-01,Match,2.1,2.1,Match,,,,,,,Yes,Covered,Traced,Verified with Warning,GenAI and the matrix agree on every compared field.
P-E005 v1,Grace Tan,FBA,R-SOP-GR-01-002,SOP-GR-01 §2.3,Yes,Yes,Match,Yes,Yes,Match,Medium,High,Mismatch,W2,D1,Mismatch,Guest Service Recovery,Guest Service Recovery,Match,SOP-GR-01,SOP-GR-01,Match,2.3,2.3,Match,,,,Yes,Yes,Match,No,Covered,Traced,Verified,"priority: GenAI 'High', matrix 'Medium'; due stage: GenAI 'D1', matrix 'W2' (SOP-GR-01 §2.3)."
P-E005 v1,Grace Tan,FBA,R-SOP-GR-01-006,SOP-GR-01 §5.1,Yes,Yes,Match,Yes,Yes,Match,High,High,Match,W1,D1,Mismatch,Guest Service Recovery,Guest Service Recovery,Match,SOP-GR-01,SOP-GR-01,Match,5.1,5.1,Match,,,,Yes,Yes,Match,No,Covered,Traced,Verified,"due stage: GenAI 'D1', matrix 'W1' (SOP-GR-01 §5.1)."
P-E009 v1,Hana Kobayashi,FNA,R-CMP-01-001,CMP-01 §2.1,Yes,Yes,Match,Yes,Yes,Match,High,High,Match,D1,D1,Match,Fire & Life Safety,Fire & Life Safety,Match,CMP-01,CMP-01,Match,2.1,2.1,Match,,,,Yes,Yes,Match,Yes,Covered,Traced,Verified,GenAI and the matrix agree on every compared field.
P-E009 v1,Hana Kobayashi,FNA,R-CMP-01-002,CMP-01 §2.2,Yes,Yes,Match,Yes,Yes,Match,High,High,Match,W1,W1,Match,Data Privacy,Data Privacy,Match,CMP-01,CMP-01,Match,2.2,2.2,Match,,,,,,,Yes,Covered,Traced,Verified,GenAI and the matrix agree on every compared field.
P-E009 v1,Hana Kobayashi,FNA,R-CMP-01-003,CMP-01 §2.3,Yes,Yes,Match,Yes,Yes,Match,High,High,Match,W1,W1,Match,General,Information Security,Mismatch,CMP-01,CMP-01,Match,2.3,2.3,Match,,,,,,,No,Covered,Traced,Verified,"module category: GenAI 'Information Security', matrix 'General' (CMP-01 §2.3)."
P-E009 v1,Hana Kobayashi,FNA,R-CMP-01-004,CMP-01 §3.1,Yes,Yes,Match,Yes,Yes,Match,Medium,High,Mismatch,D30,D30,Match,Company Orientation,HR Operations,Mismatch,CMP-01,CMP-01,Match,3.1,3.1,Match,,,,Yes,Yes,Match,No,Covered,Traced,Verified,"priority: GenAI 'High', matrix 'Medium'; module category: GenAI 'HR Operations', matrix 'Company Orientation' (CMP-01 §3.1)."
P-E009 v1,Hana Kobayashi,FNA,R-CMP-01-005,CMP-01 §3.3,Yes,Yes,Match,Yes,Yes,Match,Medium,Medium,Match,W2,D30,Mismatch,Company Orientation,HR Operations,Mismatch,CMP-01,CMP-01,Match,3.3,3.3,Match,,,,Yes,Yes,Match,No,Covered,Traced,Verified,"due stage: GenAI 'D30', matrix 'W2'; module category: GenAI 'HR Operations', matrix 'Company Orientation' (CMP-01 §3.3)."
P-E009 v1,Hana Kobayashi,FNA,R-CMP-01-006,CMP-01 §4.1,Yes,No,Mismatch,,,,,,,,,,,,,,,,,,,,,,,,,No,Missing,Traced,Requirement Missing,"The matrix expects R-CMP-01-006 (mandatory, CMP-01 §4.1); GenAI left it out."
P-E009 v1,Hana Kobayashi,FNA,R-COC-01-001,COC-01 §1.3,Yes,Yes,Match,Yes,Yes,Match,High,High,Match,D1,D1,Match,Workplace Conduct,Workplace Conduct,Match,COC-01,COC-01,Match,1.3,1.3,Match,,,,,,,Yes,Covered,Traced,Verified,GenAI and the matrix agree on every compared field.
P-E009 v1,Hana Kobayashi,FNA,R-COC-01-002,COC-01 §2.1,Yes,Yes,Match,Yes,Yes,Match,High,High,Match,W1,D1,Mismatch,Workplace Conduct,Workplace Conduct,Match,COC-01,COC-01,Match,2.1,2.1,Match,,,,Yes,Yes,Match,No,Covered,Traced,Verified,"due stage: GenAI 'D1', matrix 'W1' (COC-01 §2.1)."
P-E009 v1,Hana Kobayashi,FNA,R-COC-01-003,COC-01 §3.2,Yes,Yes,Match,Yes,Yes,Match,Medium,Low,Mismatch,W2,D1,Mismatch,Workplace Conduct,Workplace Conduct,Match,COC-01,COC-01,Match,3.2,3.2,Match,,,,Yes,Yes,Match,No,Covered,Traced,Verified,"priority: GenAI 'Low', matrix 'Medium'; due stage: GenAI 'D1', matrix 'W2' (COC-01 §3.2)."
P-E009 v1,Hana Kobayashi,FNA,R-COC-01-004,COC-01 §4.1,Yes,Yes,Match,Yes,Yes,Match,Medium,Medium,Match,W2,D1,Mismatch,Workplace Conduct,Workplace Conduct,Match,COC-01,COC-01,Match,4.1,4.1,Match,,,,Yes,Yes,Match,No,Covered,Traced,Verified,"due stage: GenAI 'D1', matrix 'W2' (COC-01 §4.1)."
P-E009 v1,Hana Kobayashi,FNA,R-COC-01-006,COC-01 §5.1,Yes,Yes,Match,Yes,Yes,Match,High,High,Match,W1,D1,Mismatch,Incident Management,Data Privacy,Mismatch,COC-01,COC-01,Match,5.1,5.1,Match,,,,Yes,Yes,Match,No,Covered,Traced,Verified,"due stage: GenAI 'D1', matrix 'W1'; module category: GenAI 'Data Privacy', matrix 'Incident Management' (COC-01 §5.1)."
P-E009 v1,Hana Kobayashi,FNA,R-COC-01-007,COC-01 §6.3,Yes,Yes,Match,Yes,Yes,Match,Medium,Medium,Match,W2,W1,Mismatch,Workplace Conduct,Workplace Conduct,Match,COC-01,COC-01,Match,6.3,6.3,Match,,,,Yes,Yes,Match,No,Covered,Traced,Verified,"due stage: GenAI 'W1', matrix 'W2' (COC-01 §6.3)."
P-E009 v1,Hana Kobayashi,FNA,R-ESC-01-001,ESC-01 §2.1,Yes,Yes,Match,Yes,Yes,Match,High,High,Match,W1,W1,Match,Health & Safety,Incident Management,Mismatch,ESC-01,ESC-01,Match,2.1,2.1,Match,,,,Yes,Yes,Match,No,Covered,Traced,Verified with Warning,"module category: GenAI 'Incident Management', matrix 'Health & Safety' (ESC-01 §2.1)."
P-E009 v1,Hana Kobayashi,FNA,R-ESC-01-003,ESC-01 §3.1,No,Yes,Mismatch,,,,,,,,,,,,,,,,,,,,,,,,,No,Included,Traced,Unsupported Requirement,"GenAI included R-ESC-01-003, but the matrix does not expect it for this employee (another role or a condition that does not apply)."
P-E009 v1,Hana Kobayashi,FNA,R-ESC-01-004,ESC-01 §3.2,No,Yes,Mismatch,,,,,,,,,,,,,,,,,,,,,,,,,No,Included,Traced,Unsupported Requirement,"GenAI included R-ESC-01-004, but the matrix does not expect it for this employee (another role or a condition that does not apply)."
P-E009 v1,Hana Kobayashi,FNA,R-ESC-01-005,ESC-01 §4.1,Yes,Yes,Match,Yes,Yes,Match,High,Medium,Mismatch,W1,W1,Match,Incident Management,Workplace Conduct,Mismatch,ESC-01,ESC-01,Match,4.1,4.1,Match,,,,Yes,Yes,Match,No,Covered,Traced,Verified,"priority: GenAI 'Medium', matrix 'High'; module category: GenAI 'Workplace Conduct', matrix 'Incident Management' (ESC-01 §4.1)."
P-E009 v1,Hana Kobayashi,FNA,R-FAQ-01-002,FAQ-01 §Q7,Yes,Yes,Match,Yes,Yes,Match,Medium,Medium,Match,W2,D1,Mismatch,Workplace Conduct,HR Operations,Mismatch,FAQ-01,FAQ-01,Match,Q7,Q7,Match,,,,Yes,Yes,Match,No,Covered,Traced,Verified,"due stage: GenAI 'D1', matrix 'W2'; module category: GenAI 'HR Operations', matrix 'Workplace Conduct' (FAQ-01 §Q7)."
P-E009 v1,Hana Kobayashi,FNA,R-FAQ-01-004,FAQ-01 §Q15,Yes,Yes,Match,No,No,Match,Low,Low,Match,D30,W1,Mismatch,General,Guest Service Recovery,Mismatch,FAQ-01,FAQ-01,Match,Q15,Q15,Match,,,,,,,No,Included,Traced,Verified,"due stage: GenAI 'W1', matrix 'D30'; module category: GenAI 'Guest Service Recovery', matrix 'General' (FAQ-01 §Q15)."
P-E009 v1,Hana Kobayashi,FNA,R-FIN-01-001,FIN-01 §2.1,Yes,Yes,Match,Yes,Yes,Match,Medium,High,Mismatch,W2,W1,Mismatch,Finance Operations,Finance Operations,Match,FIN-01,FIN-01,Match,2.1,2.1,Match,,,,Yes,Yes,Match,No,Covered,Traced,Verified,"priority: GenAI 'High', matrix 'Medium'; due stage: GenAI 'W1', matrix 'W2' (FIN-01 §2.1)."
P-E009 v1,Hana Kobayashi,FNA,R-FIN-01-002,FIN-01 §2.4,Yes,Yes,Match,Yes,Yes,Match,Medium,High,Mismatch,W2,W1,Mismatch,Finance Operations,Finance Operations,Match,FIN-01,FIN-01,Match,2.4,2.4,Match,,,,Yes,Yes,Match,No,Covered,Traced,Verified,"priority: GenAI 'High', matrix 'Medium'; due stage: GenAI 'W1', matrix 'W2' (FIN-01 §2.4)."
P-E009 v1,Hana Kobayashi,FNA,R-FIN-01-003,FIN-01 §3.1,Yes,Yes,Match,Yes,Yes,Match,Medium,High,Mismatch,W2,W2,Match,Finance Operations,Finance Operations,Match,FIN-01,FIN-01,Match,3.1,3.1,Match,,,,Yes,Yes,Match,No,Covered,Traced,Verified,"priority: GenAI 'High', matrix 'Medium' (FIN-01 §3.1)."
P-E009 v1,Hana Kobayashi,FNA,R-FIN-01-004,FIN-01 §4.2,Yes,Yes,Match,Yes,Yes,Match,Medium,Medium,Match,D30,W1,Mismatch,Finance Operations,Finance Operations,Match,FIN-01,FIN-01,Match,4.2,4.2,Match,,,,Yes,Yes,Match,No,Covered,Traced,Verified with Warning,"due stage: GenAI 'W1', matrix 'D30' (FIN-01 §4.2)."
P-E009 v1,Hana Kobayashi,FNA,R-FIN-01-005,FIN-01 §5.2,Yes,No,Mismatch,,,,,,,,,,,,,,,,,,,,,,,,,No,Missing,Traced,Requirement Missing,"The matrix expects R-FIN-01-005 (mandatory, FIN-01 §5.2); GenAI left it out."
P-E009 v1,Hana Kobayashi,FNA,R-FIN-01-006,FIN-01 §6.1,Yes,Yes,Match,Yes,Yes,Match,Medium,High,Mismatch,W2,D30,Mismatch,Finance Operations,Finance Operations,Match,FIN-01,FIN-01,Match,6.1,6.1,Match,Yes,No,Mismatch,Yes,Yes,Match,No,Covered,Traced,Verified,"priority: GenAI 'High', matrix 'Medium'; due stage: GenAI 'D30', matrix 'W2'; practical task: GenAI False, matrix True (FIN-01 §6.1)."
P-E009 v1,Hana Kobayashi,FNA,R-FLS-01-001,FLS-01 §1.2,Yes,Yes,Match,Yes,Yes,Match,High,High,Match,D1,D1,Match,Fire & Life Safety,Fire & Life Safety,Match,FLS-01,FLS-01,Match,1.2,1.2,Match,,,,,,,Yes,Covered,Traced,Verified,GenAI and the matrix agree on every compared field.
P-E009 v1,Hana Kobayashi,FNA,R-FLS-01-002,FLS-01 §1.3,Yes,Yes,Match,Yes,Yes,Match,High,High,Match,W1,D1,Mismatch,Fire & Life Safety,Fire & Life Safety,Match,FLS-01,FLS-01,Match,1.3,1.3,Match,,,,Yes,Yes,Match,No,Covered,Traced,Verified,"due stage: GenAI 'D1', matrix 'W1' (FLS-01 §1.3)."
P-E009 v1,Hana Kobayashi,FNA,R-FLS-01-003,FLS-01 §2.1,Yes,Yes,Match,Yes,Yes,Match,High,High,Match,W1,D1,Mismatch,Fire & Life Safety,Fire & Life Safety,Match,FLS-01,FLS-01,Match,2.1,2.1,Match,,,,Yes,Yes,Match,No,Covered,Traced,Verified,"due stage: GenAI 'D1', matrix 'W1' (FLS-01 §2.1)."
P-E009 v1,Hana Kobayashi,FNA,R-FLS-01-004,FLS-01 §3.1,Yes,Yes,Match,Yes,Yes,Match,High,Medium,Mismatch,D90,D90,Match,Fire & Life Safety,Fire & Life Safety,Match,FLS-01,FLS-01,Match,3.1,3.1,Match,,,,,,,No,Covered,Traced,Verified with Warning,"priority: GenAI 'Medium', matrix 'High' (FLS-01 §3.1)."
P-E009 v1,Hana Kobayashi,FNA,R-FLS-01-005,FLS-01 §3.4,Yes,No,Mismatch,,,,,,,,,,,,,,,,,,,,,,,,,No,Missing,Traced,Requirement Missing,"The matrix expects R-FLS-01-005 (mandatory, FLS-01 §3.4); GenAI left it out."
P-E009 v1,Hana Kobayashi,FNA,R-GDP-01-001,GDP-01 §2.1,Yes,Yes,Match,Yes,Yes,Match,High,High,Match,W1,W1,Match,Data Privacy,Data Privacy,Match,GDP-01,GDP-01,Match,2.1,2.1,Match,,,,,,,Yes,Covered,Traced,Verified,GenAI and the matrix agree on every compared field.
P-E009 v1,Hana Kobayashi,FNA,R-GDP-01-002,GDP-01 §3.1,Yes,Yes,Match,Yes,Yes,Match,High,High,Match,W1,D1,Mismatch,Data Privacy,Data Privacy,Match,GDP-01,GDP-01,Match,3.1,3.1,Match,,,,Yes,Yes,Match,No,Covered,Traced,Verified,"due stage: GenAI 'D1', matrix 'W1' (GDP-01 §3.1)."
P-E009 v1,Hana Kobayashi,FNA,R-GDP-01-003,GDP-01 §4.1,Yes,Yes,Match,Yes,Yes,Match,High,High,Match,W1,W1,Match,Data Privacy,Data Privacy,Match,GDP-01,GDP-01,Match,4.1,4.1,Match,,,,Yes,Yes,Match,Yes,Covered,Traced,Verified,GenAI and the matrix agree on every compared field.
P-E009 v1,Hana Kobayashi,FNA,R-GDP-01-004,GDP-01 §4.2,Yes,Yes,Match,Yes,Yes,Match,High,Medium,Mismatch,W1,D30,Mismatch,Data Privacy,Data Privacy,Match,GDP-01,GDP-01,Match,4.2,4.2,Match,,,,Yes,Yes,Match,No,Covered,Traced,Verified,"priority: GenAI 'Medium', matrix 'High'; due stage: GenAI 'D30', matrix 'W1' (GDP-01 §4.2)."
P-E009 v1,Hana Kobayashi,FNA,R-GDP-01-005,GDP-01 §5.1,Yes,Yes,Match,Yes,Yes,Match,High,High,Match,W1,D1,Mismatch,Data Privacy,Data Privacy,Match,GDP-01,GDP-01,Match,5.1,5.1,Match,,,,Yes,Yes,Match,No,Covered,Traced,Verified,"due stage: GenAI 'D1', matrix 'W1' (GDP-01 §5.1)."
P-E009 v1,Hana Kobayashi,FNA,R-GDP-01-007,GDP-01 §6.1,Yes,Yes,Match,Yes,Yes,Match,High,High,Match,W1,W1,Match,HR Operations,Data Privacy,Mismatch,GDP-01,GDP-01,Match,6.1,6.1,Match,,,,Yes,Yes,Match,No,Covered,Traced,Verified,"module category: GenAI 'Data Privacy', matrix 'HR Operations' (GDP-01 §6.1)."
P-E009 v1,Hana Kobayashi,FNA,R-GDP-01-008,GDP-01 §7.1,Yes,Yes,Match,Yes,Yes,Match,High,High,Match,W1,D1,Mismatch,Data Privacy,Data Privacy,Match,GDP-01,GDP-01,Match,7.1,7.1,Match,,,,Yes,Yes,Match,No,Covered,Traced,Verified,"due stage: GenAI 'D1', matrix 'W1' (GDP-01 §7.1)."
P-E009 v1,Hana Kobayashi,FNA,R-GDP-01-009,GDP-01 §4.5,Yes,Yes,Match,Yes,Yes,Match,High,High,Match,W1,D1,Mismatch,Data Privacy,Data Privacy,Match,GDP-01,GDP-01,Match,4.5,4.5,Match,,,,Yes,Yes,Match,No,Covered,Traced,Verified,"due stage: GenAI 'D1', matrix 'W1' (GDP-01 §4.5)."
P-E009 v1,Hana Kobayashi,FNA,R-HBK-01-001,HBK-01 §1.2,Yes,Yes,Match,Yes,Yes,Match,High,High,Match,D1,D1,Match,Company Orientation,Company Orientation,Match,HBK-01,HBK-01,Match,1.2,1.2,Match,,,,,,,Yes,Covered,Traced,Verified,GenAI and the matrix agree on every compared field.
P-E009 v1,Hana Kobayashi,FNA,R-HBK-01-002,HBK-01 §2.1,Yes,Yes,Match,Yes,Yes,Match,High,High,Match,D1,D1,Match,Company Orientation,Company Orientation,Match,HBK-01,HBK-01,Match,2.1,2.1,Match,,,,,,,Yes,Covered,Traced,Verified,GenAI and the matrix agree on every compared field.
P-E009 v1,Hana Kobayashi,FNA,R-HBK-01-003,HBK-01 §2.4,Yes,Yes,Match,Yes,Yes,Match,Medium,High,Mismatch,W2,D1,Mismatch,Company Orientation,HR Essentials,Mismatch,HBK-01,HBK-01,Match,2.4,2.4,Match,,,,Yes,Yes,Match,No,Covered,Traced,Verified,"priority: GenAI 'High', matrix 'Medium'; due stage: GenAI 'D1', matrix 'W2'; module category: GenAI 'HR Essentials', matrix 'Company Orientation' (HBK-01 §2.4)."
P-E009 v1,Hana Kobayashi,FNA,R-HBK-01-004,HBK-01 §3.2,Yes,Yes,Match,No,No,Match,Low,Low,Match,D30,D30,Match,Company Orientation,Company Orientation,Match,HBK-01,HBK-01,Match,3.2,3.2,Match,,,,,,,Yes,Included,Traced,Verified,GenAI and the matrix agree on every compared field.
P-E009 v1,Hana Kobayashi,FNA,R-HRP-01-001,HRP-01 §2.1,Yes,Yes,Match,Yes,Yes,Match,Medium,High,Mismatch,W1,W1,Match,HR Essentials,HR Operations,Mismatch,HRP-01,HRP-01,Match,2.1,2.1,Match,,,,,,,No,Covered,Traced,Verified,"priority: GenAI 'High', matrix 'Medium'; module category: GenAI 'HR Operations', matrix 'HR Essentials' (HRP-01 §2.1)."
P-E009 v1,Hana Kobayashi,FNA,R-HRP-01-002,HRP-01 §2.3,Yes,Yes,Match,Yes,Yes,Match,Medium,Medium,Match,W1,D30,Mismatch,Front Office Operations,HR Operations,Mismatch,HRP-01,HRP-01,Match,2.3,2.3,Match,,,,,,,No,Covered,Traced,Verified,"due stage: GenAI 'D30', matrix 'W1'; module category: GenAI 'HR Operations', matrix 'Front Office Operations' (HRP-01 §2.3)."
P-E009 v1,Hana Kobayashi,FNA,R-HRP-01-003,HRP-01 §3.1,Yes,Yes,Match,Yes,Yes,Match,Medium,Medium,Match,W2,W1,Mismatch,HR Essentials,HR Operations,Mismatch,HRP-01,HRP-01,Match,3.1,3.1,Match,,,,Yes,Yes,Match,No,Covered,Traced,Verified,"due stage: GenAI 'W1', matrix 'W2'; module category: GenAI 'HR Operations', matrix 'HR Essentials' (HRP-01 §3.1)."
P-E009 v1,Hana Kobayashi,FNA,R-HRP-01-005,HRP-01 §4.2,Yes,Yes,Match,Yes,Yes,Match,Medium,High,Mismatch,W2,D1,Mismatch,HR Essentials,HR Operations,Mismatch,HRP-01,HRP-01,Match,4.2,4.2,Match,,,,Yes,Yes,Match,No,Covered,Traced,Verified,"priority: GenAI 'High', matrix 'Medium'; due stage: GenAI 'D1', matrix 'W2'; module category: GenAI 'HR Operations', matrix 'HR Essentials' (HRP-01 §4.2)."
P-E009 v1,Hana Kobayashi,FNA,R-HRP-01-006,HRP-01 §5.1,Yes,Yes,Match,Yes,Yes,Match,Medium,Medium,Match,W2,W1,Mismatch,HR Essentials,Workplace Conduct,Mismatch,HRP-01,HRP-01,Match,5.1,5.1,Match,,,,Yes,Yes,Match,No,Covered,Traced,Verified,"due stage: GenAI 'W1', matrix 'W2'; module category: GenAI 'Workplace Conduct', matrix 'HR Essentials' (HRP-01 §5.1)."
P-E009 v1,Hana Kobayashi,FNA,R-HRP-01-007,HRP-01 §6.2,Yes,No,Mismatch,,,,,,,,,,,,,,,,,,,,,,,,,No,Not included,Traced,Verified,"The matrix expects R-HRP-01-007 (optional, HRP-01 §6.2); GenAI left it out."
P-E009 v1,Hana Kobayashi,FNA,R-HSP-01-002,HSP-01 §3.1,Yes,No,Mismatch,,,,,,,,,,,,,,,,,,,,,,,,,No,Missing,Traced,Requirement Missing,"The matrix expects R-HSP-01-002 (mandatory, HSP-01 §3.1); GenAI left it out."
P-E009 v1,Hana Kobayashi,FNA,R-HSP-01-003,HSP-01 §3.3,Yes,No,Mismatch,,,,,,,,,,,,,,,,,,,,,,,,,No,Missing,Traced,Requirement Missing,"The matrix expects R-HSP-01-003 (mandatory, HSP-01 §3.3); GenAI left it out."
P-E009 v1,Hana Kobayashi,FNA,R-HSP-01-004,HSP-01 §4.1,Yes,No,Mismatch,,,,,,,,,,,,,,,,,,,,,,,,,No,Missing,Traced,Requirement Missing,"The matrix expects R-HSP-01-004 (mandatory, HSP-01 §4.1); GenAI left it out."
P-E009 v1,Hana Kobayashi,FNA,R-HSP-01-005,HSP-01 §5.2,Yes,No,Mismatch,,,,,,,,,,,,,,,,,,,,,,,,,No,Missing,Traced,Requirement Missing,"The matrix expects R-HSP-01-005 (mandatory, HSP-01 §5.2); GenAI left it out."
P-E009 v1,Hana Kobayashi,FNA,R-HSP-01-007,HSP-01 §5.5,Yes,No,Mismatch,,,,,,,,,,,,,,,,,,,,,,,,,No,Missing,Traced,Requirement Missing,"The matrix expects R-HSP-01-007 (mandatory, HSP-01 §5.5); GenAI left it out."
P-E009 v1,Hana Kobayashi,FNA,R-ISP-01-001,ISP-01 §2.1,Yes,Yes,Match,Yes,Yes,Match,High,High,Match,W1,D1,Mismatch,Information Security,Information Security,Match,ISP-01,ISP-01,Match,2.1,2.1,Match,,,,,,,No,Covered,Traced,Verified,"due stage: GenAI 'D1', matrix 'W1' (ISP-01 §2.1)."
P-E009 v1,Hana Kobayashi,FNA,R-ISP-01-002,ISP-01 §3.1,Yes,Yes,Match,Yes,Yes,Match,High,High,Match,W1,D1,Mismatch,Information Security,Information Security,Match,ISP-01,ISP-01,Match,3.1,3.1,Match,,,,Yes,Yes,Match,No,Covered,Traced,Verified,"due stage: GenAI 'D1', matrix 'W1' (ISP-01 §3.1)."
P-E009 v1,Hana Kobayashi,FNA,R-ISP-01-003,ISP-01 §3.3,Yes,Yes,Match,Yes,Yes,Match,High,High,Match,W1,D1,Mismatch,Information Security,Information Security,Match,ISP-01,ISP-01,Match,3.3,3.3,Match,,,,,,,No,Covered,Traced,Verified,"due stage: GenAI 'D1', matrix 'W1' (ISP-01 §3.3)."
P-E009 v1,Hana Kobayashi,FNA,R-ISP-01-004,ISP-01 §3.5,Yes,Yes,Match,Yes,Yes,Match,High,High,Match,W1,D1,Mismatch,Information Security,Information Security,Match,ISP-01,ISP-01,Match,3.5,3.5,Match,,,,Yes,Yes,Match,No,Covered,Traced,Verified,"due stage: GenAI 'D1', matrix 'W1' (ISP-01 §3.5)."
P-E009 v1,Hana Kobayashi,FNA,R-ISP-01-005,ISP-01 §4.2,Yes,Yes,Match,Yes,Yes,Match,High,High,Match,W1,D1,Mismatch,Information Security,Information Security,Match,ISP-01,ISP-01,Match,4.2,4.2,Match,,,,Yes,Yes,Match,No,Covered,Traced,Verified,"due stage: GenAI 'D1', matrix 'W1' (ISP-01 §4.2)."
P-E009 v1,Hana Kobayashi,FNA,R-ISP-01-006,ISP-01 §5.1,Yes,Yes,Match,Yes,Yes,Match,High,Medium,Mismatch,W1,W1,Match,Information Security,Information Security,Match,ISP-01,ISP-01,Match,5.1,5.1,Match,,,,Yes,Yes,Match,No,Covered,Traced,Verified,"priority: GenAI 'Medium', matrix 'High' (ISP-01 §5.1)."
P-E009 v1,Hana Kobayashi,FNA,R-ISP-01-007,ISP-01 §6.2,Yes,Yes,Match,Yes,Yes,Match,High,High,Match,W1,D1,Mismatch,Information Security,Data Privacy,Mismatch,ISP-01,ISP-01,Match,6.2,6.2,Match,,,,Yes,Yes,Match,No,Covered,Traced,Verified,"due stage: GenAI 'D1', matrix 'W1'; module category: GenAI 'Data Privacy', matrix 'Information Security' (ISP-01 §6.2)."
P-E009 v1,Hana Kobayashi,FNA,R-ISP-01-008,ISP-01 §7.1,Yes,Yes,Match,Yes,Yes,Match,High,High,Match,W1,D1,Mismatch,Incident Management,Information Security,Mismatch,ISP-01,ISP-01,Match,7.1,7.1,Match,,,,Yes,Yes,Match,No,Covered,Traced,Verified,"due stage: GenAI 'D1', matrix 'W1'; module category: GenAI 'Information Security', matrix 'Incident Management' (ISP-01 §7.1)."
P-E009 v1,Hana Kobayashi,FNA,R-ITA-01-001,ITA-01 §2.1,Yes,Yes,Match,Yes,Yes,Match,High,High,Match,W1,D1,Mismatch,Information Security,Information Security,Match,ITA-01,ITA-01,Match,2.1,2.1,Match,,,,Yes,Yes,Match,No,Covered,Traced,Verified,"due stage: GenAI 'D1', matrix 'W1' (ITA-01 §2.1)."
P-E009 v1,Hana Kobayashi,FNA,R-ITA-01-002,ITA-01 §2.3,Yes,Yes,Match,Yes,Yes,Match,Medium,High,Mismatch,W2,D1,Mismatch,IT & Systems,Information Security,Mismatch,ITA-01,ITA-01,Match,2.3,2.3,Match,,,,Yes,Yes,Match,No,Covered,Traced,Verified,"priority: GenAI 'High', matrix 'Medium'; due stage: GenAI 'D1', matrix 'W2'; module category: GenAI 'Information Security', matrix 'IT & Systems' (ITA-01 §2.3)."
P-E009 v1,Hana Kobayashi,FNA,R-ITA-01-004,ITA-01 §3.4,Yes,Yes,Match,Yes,Yes,Match,Medium,Medium,Match,W2,W1,Mismatch,IT & Systems,Information Security,Mismatch,ITA-01,ITA-01,Match,3.4,3.4,Match,,,,Yes,Yes,Match,No,Covered,Traced,Verified,"due stage: GenAI 'W1', matrix 'W2'; module category: GenAI 'Information Security', matrix 'IT & Systems' (ITA-01 §3.4)."
P-E009 v1,Hana Kobayashi,FNA,R-ITA-01-005,ITA-01 §4.1,Yes,Yes,Match,Yes,Yes,Match,Medium,Medium,Match,W2,W1,Mismatch,IT & Systems,Information Security,Mismatch,ITA-01,ITA-01,Match,4.1,4.1,Match,,,,Yes,Yes,Match,No,Covered,Traced,Verified,"due stage: GenAI 'W1', matrix 'W2'; module category: GenAI 'Information Security', matrix 'IT & Systems' (ITA-01 §4.1)."
P-E009 v1,Hana Kobayashi,FNA,R-ITA-01-006,ITA-01 §5.2,Yes,Yes,Match,No,No,Match,Low,Low,Match,D30,W2,Mismatch,IT & Systems,IT & Systems,Match,ITA-01,ITA-01,Match,5.2,5.2,Match,,,,,,,No,Included,Traced,Verified,"due stage: GenAI 'W2', matrix 'D30' (ITA-01 §5.2)."
P-E009 v1,Hana Kobayashi,FNA,R-LVP-01-001,LVP-01 §2.1,Yes,Yes,Match,Yes,Yes,Match,Medium,Low,Mismatch,W2,W1,Mismatch,HR Essentials,HR Operations,Mismatch,LVP-01,LVP-01,Match,2.1,2.1,Match,,,,Yes,Yes,Match,No,Covered,Traced,Verified,"priority: GenAI 'Low', matrix 'Medium'; due stage: GenAI 'W1', matrix 'W2'; module category: GenAI 'HR Operations', matrix 'HR Essentials' (LVP-01 §2.1)."
P-E009 v1,Hana Kobayashi,FNA,R-LVP-01-002,LVP-01 §2.4,Yes,Yes,Match,Yes,Yes,Match,Medium,Low,Mismatch,W2,W1,Mismatch,HR Essentials,HR Operations,Mismatch,LVP-01,LVP-01,Match,2.4,2.4,Match,,,,Yes,Yes,Match,No,Covered,Traced,Verified,"priority: GenAI 'Low', matrix 'Medium'; due stage: GenAI 'W1', matrix 'W2'; module category: GenAI 'HR Operations', matrix 'HR Essentials' (LVP-01 §2.4)."
P-E009 v1,Hana Kobayashi,FNA,R-LVP-01-003,LVP-01 §3.1,Yes,Yes,Match,Yes,Yes,Match,High,Medium,Mismatch,D1,W1,Mismatch,HR Essentials,HR Operations,Mismatch,LVP-01,LVP-01,Match,3.1,3.1,Match,,,,Yes,Yes,Match,No,Covered,Traced,Verified with Warning,"priority: GenAI 'Medium', matrix 'High'; due stage: GenAI 'W1', matrix 'D1'; module category: GenAI 'HR Operations', matrix 'HR Essentials' (LVP-01 §3.1)."
P-E009 v1,Hana Kobayashi,FNA,R-LVP-01-004,LVP-01 §3.3,Yes,Yes,Match,Yes,Yes,Match,Medium,Medium,Match,W2,W1,Mismatch,HR Essentials,HR Operations,Mismatch,LVP-01,LVP-01,Match,3.3,3.4,Mismatch,,,,Yes,Yes,Match,No,Covered,Traced,Verified with Warning,"due stage: GenAI 'W1', matrix 'W2'; module category: GenAI 'HR Operations', matrix 'HR Essentials'; source section: GenAI '3.4', matrix '3.3' (LVP-01 §3.3)."
P-E009 v1,Hana Kobayashi,FNA,R-LVP-01-005,LVP-01 §4.2,Yes,Yes,Match,Yes,Yes,Match,Medium,Medium,Match,W2,W1,Mismatch,HR Essentials,HR Operations,Mismatch,LVP-01,LVP-01,Match,4.2,4.2,Match,,,,Yes,Yes,Match,No,Covered,Traced,Verified,"due stage: GenAI 'W1', matrix 'W2'; module category: GenAI 'HR Operations', matrix 'HR Essentials' (LVP-01 §4.2)."
P-E009 v1,Hana Kobayashi,FNA,R-MEM-01-002,MEM-01 §para 4,Yes,Yes,Match,No,Yes,Mismatch,Low,Medium,Mismatch,D30,D1,Mismatch,Workplace Conduct,Workplace Conduct,Match,MEM-01,MEM-01,Match,para 4,para 4,Match,,,,,,,No,Included,Traced,Partially Verified,"mandatory status: GenAI True, matrix False; priority: GenAI 'Medium', matrix 'Low'; due stage: GenAI 'D1', matrix 'D30' (MEM-01 §para 4)."
P-E009 v1,Hana Kobayashi,FNA,R-PCH-01-001,PCH-01 §1.2,Yes,Yes,Match,Yes,Yes,Match,High,High,Match,W1,D1,Mismatch,Payment & Cash Handling,Payment & Cash Handling,Match,PCH-01,PCH-01,Match,1.2,1.2,Match,,,,,,,No,Covered,Traced,Verified,"due stage: GenAI 'D1', matrix 'W1' (PCH-01 §1.2)."
P-E009 v1,Hana Kobayashi,FNA,R-PCH-01-003,PCH-01 §2.3,Yes,Yes,Match,Yes,Yes,Match,High,Medium,Mismatch,W1,W1,Match,Payment & Cash Handling,Payment & Cash Handling,Match,PCH-01,PCH-01,Match,2.3,2.3,Match,,,,Yes,Yes,Match,No,Covered,Traced,Verified,"priority: GenAI 'Medium', matrix 'High' (PCH-01 §2.3)."
P-E009 v1,Hana Kobayashi,FNA,R-PCH-01-004,PCH-01 §3.1,Yes,Yes,Match,Yes,Yes,Match,High,Medium,Mismatch,W1,W1,Match,Payment & Cash Handling,Payment & Cash Handling,Match,PCH-01,PCH-01,Match,3.1,3.1,Match,,,,Yes,Yes,Match,No,Covered,Traced,Verified,"priority: GenAI 'Medium', matrix 'High' (PCH-01 §3.1)."
P-E009 v1,Hana Kobayashi,FNA,R-PCH-01-005,PCH-01 §3.4,Yes,Yes,Match,Yes,Yes,Match,High,High,Match,W1,W1,Match,Payment & Cash Handling,Payment & Cash Handling,Match,PCH-01,PCH-01,Match,3.4,3.4,Match,,,,Yes,Yes,Match,Yes,Covered,Traced,Verified,GenAI and the matrix agree on every compared field.
P-E009 v1,Hana Kobayashi,FNA,R-PCH-01-006,PCH-01 §3.6,Yes,Yes,Match,Yes,Yes,Match,High,High,Match,W1,W1,Match,Payment & Cash Handling,Payment & Cash Handling,Match,PCH-01,PCH-01,Match,3.6,3.6,Match,,,,Yes,Yes,Match,Yes,Covered,Traced,Verified,GenAI and the matrix agree on every compared field.
P-E009 v1,Hana Kobayashi,FNA,R-PCH-01-007,PCH-01 §4.1,Yes,Yes,Match,Yes,Yes,Match,High,High,Match,W1,W1,Match,Payment & Cash Handling,Payment & Cash Handling,Match,PCH-01,PCH-01,Match,4.1,4.1,Match,,,,Yes,Yes,Match,Yes,Covered,Traced,Verified,GenAI and the matrix agree on every compared field.
P-E009 v1,Hana Kobayashi,FNA,R-PCH-01-008,PCH-01 §5.2,Yes,Yes,Match,Yes,Yes,Match,High,High,Match,W1,W1,Match,Payment & Cash Handling,Finance Operations,Mismatch,PCH-01,PCH-01,Match,5.2,5.2,Match,,,,Yes,Yes,Match,No,Covered,Traced,Verified,"module category: GenAI 'Finance Operations', matrix 'Payment & Cash Handling' (PCH-01 §5.2)."
P-E009 v1,Hana Kobayashi,FNA,R-PCH-01-009,PCH-01 §2.1,Yes,Yes,Match,Yes,Yes,Match,High,High,Match,W1,D1,Mismatch,Payment & Cash Handling,Payment & Cash Handling,Match,PCH-01,PCH-01,Match,2.1,2.1,Match,,,,Yes,Yes,Match,No,Covered,Traced,Verified,"due stage: GenAI 'D1', matrix 'W1' (PCH-01 §2.1)."
P-E009 v1,Hana Kobayashi,FNA,R-ROL-03-003,ROL-03 §2.3,Yes,Yes,Match,Yes,Yes,Match,Medium,High,Mismatch,W2,D1,Mismatch,Finance Operations,Finance Operations,Match,ROL-03,ROL-03,Match,2.3,2.3,Match,,,,Yes,Yes,Match,No,Covered,Traced,Verified,"priority: GenAI 'High', matrix 'Medium'; due stage: GenAI 'D1', matrix 'W2' (ROL-03 §2.3)."
P-E009 v1,Hana Kobayashi,FNA,R-ROL-03-004,ROL-03 §2.4,Yes,Yes,Match,Yes,Yes,Match,Medium,High,Mismatch,W1,D1,Mismatch,Finance Operations,Finance Operations,Match,ROL-03,ROL-03,Match,2.4,2.4,Match,,,,,,,No,Covered,Traced,Verified,"priority: GenAI 'High', matrix 'Medium'; due stage: GenAI 'D1', matrix 'W1' (ROL-03 §2.4)."
P-E009 v1,Hana Kobayashi,FNA,R-SOP-FO-02-001,SOP-FO-02 §2.1,Yes,Yes,Match,Yes,Yes,Match,Medium,High,Mismatch,W2,W2,Match,Night Audit,Night Audit,Match,SOP-FO-02,SOP-FO-02,Match,2.1,2.1,Match,,,,Yes,Yes,Match,No,Covered,Traced,Verified,"priority: GenAI 'High', matrix 'Medium' (SOP-FO-02 §2.1)."
P-E009 v1,Hana Kobayashi,FNA,R-SOP-FO-02-002,SOP-FO-02 §2.3,Yes,Yes,Match,Yes,Yes,Match,Medium,High,Mismatch,W2,W2,Match,Night Audit,Night Audit,Match,SOP-FO-02,SOP-FO-02,Match,2.3,2.3,Match,,,,Yes,Yes,Match,No,Covered,Traced,Verified,"priority: GenAI 'High', matrix 'Medium' (SOP-FO-02 §2.3)."
P-E009 v1,Hana Kobayashi,FNA,R-SOP-FO-02-003,SOP-FO-02 §3.1,Yes,Yes,Match,Yes,Yes,Match,Medium,High,Mismatch,W2,W2,Match,Night Audit,Night Audit,Match,SOP-FO-02,SOP-FO-02,Match,3.1,3.1,Match,,,,Yes,Yes,Match,No,Covered,Traced,Verified,"priority: GenAI 'High', matrix 'Medium' (SOP-FO-02 §3.1)."
P-E009 v1,Hana Kobayashi,FNA,R-SOP-FO-02-004,SOP-FO-02 §3.4,Yes,Yes,Match,Yes,Yes,Match,Medium,Medium,Match,W2,W2,Match,Night Audit,Night Audit,Match,SOP-FO-02,SOP-FO-02,Match,3.4,3.4,Match,,,,Yes,Yes,Match,Yes,Covered,Traced,Verified,GenAI and the matrix agree on every compared field.
P-E009 v1,Hana Kobayashi,FNA,R-SOP-FO-02-005,SOP-FO-02 §4.2,Yes,Yes,Match,Yes,Yes,Match,Medium,High,Mismatch,W2,W2,Match,Night Audit,Night Audit,Match,SOP-FO-02,SOP-FO-02,Match,4.2,4.2,Match,,,,Yes,Yes,Match,No,Covered,Traced,Verified,"priority: GenAI 'High', matrix 'Medium' (SOP-FO-02 §4.2)."
P-E009 v1,Hana Kobayashi,FNA,R-SOP-FO-02-006,SOP-FO-02 §5.1,Yes,Yes,Match,Yes,Yes,Match,Medium,High,Mismatch,W2,W2,Match,Night Audit,Night Audit,Match,SOP-FO-02,SOP-FO-02,Match,5.1,5.1,Match,,,,Yes,Yes,Match,No,Covered,Traced,Verified,"priority: GenAI 'High', matrix 'Medium' (SOP-FO-02 §5.1)."
P-E004 v1,Mateus Oliveira,HKS,R-CMP-01-001,CMP-01 §2.1,Yes,Yes,Match,Yes,Yes,Match,High,High,Match,D1,D1,Match,Fire & Life Safety,Fire & Life Safety,Match,CMP-01,CMP-01,Match,2.1,2.1,Match,,,,Yes,Yes,Match,Yes,Covered,Traced,Verified,GenAI and the matrix agree on every compared field.
P-E004 v1,Mateus Oliveira,HKS,R-CMP-01-002,CMP-01 §2.2,Yes,Yes,Match,Yes,Yes,Match,High,High,Match,W1,W1,Match,Data Privacy,Data Privacy,Match,CMP-01,CMP-01,Match,2.2,2.2,Match,,,,,,,Yes,Covered,Traced,Verified,GenAI and the matrix agree on every compared field.
P-E004 v1,Mateus Oliveira,HKS,R-CMP-01-003,CMP-01 §2.3,Yes,Yes,Match,Yes,Yes,Match,High,High,Match,W1,W1,Match,General,Information Security,Mismatch,CMP-01,CMP-01,Match,2.3,2.3,Match,,,,,,,No,Covered,Traced,Verified,"module category: GenAI 'Information Security', matrix 'General' (CMP-01 §2.3)."
P-E004 v1,Mateus Oliveira,HKS,R-CMP-01-004,CMP-01 §3.1,Yes,Yes,Match,Yes,Yes,Match,Medium,High,Mismatch,D30,D30,Match,Company Orientation,HR Essentials,Mismatch,CMP-01,CMP-01,Match,3.1,3.1,Match,,,,Yes,Yes,Match,No,Covered,Traced,Verified,"priority: GenAI 'High', matrix 'Medium'; module category: GenAI 'HR Essentials', matrix 'Company Orientation' (CMP-01 §3.1)."
P-E004 v1,Mateus Oliveira,HKS,R-CMP-01-005,CMP-01 §3.3,Yes,Yes,Match,Yes,Yes,Match,Medium,Medium,Match,W2,D30,Mismatch,Company Orientation,HR Essentials,Mismatch,CMP-01,CMP-01,Match,3.3,3.3,Match,,,,Yes,Yes,Match,No,Covered,Traced,Verified,"due stage: GenAI 'D30', matrix 'W2'; module category: GenAI 'HR Essentials', matrix 'Company Orientation' (CMP-01 §3.3)."
P-E004 v1,Mateus Oliveira,HKS,R-CMP-01-006,CMP-01 §4.1,Yes,No,Mismatch,,,,,,,,,,,,,,,,,,,,,,,,,No,Missing,Traced,Requirement Missing,"The matrix expects R-CMP-01-006 (mandatory, CMP-01 §4.1); GenAI left it out."
P-E004 v1,Mateus Oliveira,HKS,R-COC-01-001,COC-01 §1.3,Yes,Yes,Match,Yes,Yes,Match,High,High,Match,D1,D1,Match,Workplace Conduct,Workplace Conduct,Match,COC-01,COC-01,Match,1.3,1.3,Match,,,,,,,Yes,Covered,Traced,Verified,GenAI and the matrix agree on every compared field.
P-E004 v1,Mateus Oliveira,HKS,R-COC-01-002,COC-01 §2.1,Yes,Yes,Match,Yes,Yes,Match,High,High,Match,W1,D1,Mismatch,Workplace Conduct,Workplace Conduct,Match,COC-01,COC-01,Match,2.1,2.1,Match,,,,Yes,Yes,Match,No,Covered,Traced,Verified,"due stage: GenAI 'D1', matrix 'W1' (COC-01 §2.1)."
P-E004 v1,Mateus Oliveira,HKS,R-COC-01-003,COC-01 §3.2,Yes,Yes,Match,Yes,Yes,Match,Medium,Medium,Match,W2,D30,Mismatch,Workplace Conduct,Workplace Conduct,Match,COC-01,COC-01,Match,3.2,3.2,Match,,,,Yes,Yes,Match,No,Covered,Traced,Verified,"due stage: GenAI 'D30', matrix 'W2' (COC-01 §3.2)."
P-E004 v1,Mateus Oliveira,HKS,R-COC-01-004,COC-01 §4.1,Yes,Yes,Match,Yes,Yes,Match,Medium,High,Mismatch,W2,D1,Mismatch,Workplace Conduct,Company Orientation,Mismatch,COC-01,COC-01,Match,4.1,4.1,Match,,,,Yes,Yes,Match,No,Covered,Traced,Verified,"priority: GenAI 'High', matrix 'Medium'; due stage: GenAI 'D1', matrix 'W2'; module category: GenAI 'Company Orientation', matrix 'Workplace Conduct' (COC-01 §4.1)."
P-E004 v1,Mateus Oliveira,HKS,R-COC-01-006,COC-01 §5.1,Yes,Yes,Match,Yes,Yes,Match,High,High,Match,W1,D1,Mismatch,Incident Management,Information Security,Mismatch,COC-01,COC-01,Match,5.1,5.1,Match,,,,Yes,Yes,Match,No,Covered,Traced,Verified,"due stage: GenAI 'D1', matrix 'W1'; module category: GenAI 'Information Security', matrix 'Incident Management' (COC-01 §5.1)."
P-E004 v1,Mateus Oliveira,HKS,R-COC-01-007,COC-01 §6.3,Yes,Yes,Match,Yes,Yes,Match,Medium,Medium,Match,W2,W1,Mismatch,Workplace Conduct,HR Essentials,Mismatch,COC-01,COC-01,Match,6.3,6.3,Match,,,,Yes,Yes,Match,No,Covered,Traced,Verified,"due stage: GenAI 'W1', matrix 'W2'; module category: GenAI 'HR Essentials', matrix 'Workplace Conduct' (COC-01 §6.3)."
P-E004 v1,Mateus Oliveira,HKS,R-ESC-01-001,ESC-01 §2.1,Yes,Yes,Match,Yes,Yes,Match,High,High,Match,W1,D1,Mismatch,Health & Safety,Incident Management,Mismatch,ESC-01,ESC-01,Match,2.1,2.1,Match,,,,Yes,Yes,Match,No,Covered,Traced,Verified with Warning,"due stage: GenAI 'D1', matrix 'W1'; module category: GenAI 'Incident Management', matrix 'Health & Safety' (ESC-01 §2.1)."
P-E004 v1,Mateus Oliveira,HKS,R-ESC-01-003,ESC-01 §3.1,No,Yes,Mismatch,,,,,,,,,,,,,,,,,,,,,,,,,No,Included,Traced,Unsupported Requirement,"GenAI included R-ESC-01-003, but the matrix does not expect it for this employee (another role or a condition that does not apply)."
P-E004 v1,Mateus Oliveira,HKS,R-ESC-01-004,ESC-01 §3.2,No,Yes,Mismatch,,,,,,,,,,,,,,,,,,,,,,,,,No,Included,Traced,Unsupported Requirement,"GenAI included R-ESC-01-004, but the matrix does not expect it for this employee (another role or a condition that does not apply)."
P-E004 v1,Mateus Oliveira,HKS,R-ESC-01-005,ESC-01 §4.1,Yes,Yes,Match,Yes,Yes,Match,High,Medium,Mismatch,W1,D1,Mismatch,Incident Management,Guest Service Recovery,Mismatch,ESC-01,ESC-01,Match,4.1,4.1,Match,,,,Yes,Yes,Match,No,Covered,Traced,Verified,"priority: GenAI 'Medium', matrix 'High'; due stage: GenAI 'D1', matrix 'W1'; module category: GenAI 'Guest Service Recovery', matrix 'Incident Management' (ESC-01 §4.1)."
P-E004 v1,Mateus Oliveira,HKS,R-FAQ-01-002,FAQ-01 §Q7,Yes,Yes,Match,Yes,Yes,Match,Medium,Medium,Match,W2,W1,Mismatch,Workplace Conduct,Housekeeping Operations,Mismatch,FAQ-01,FAQ-01,Match,Q7,Q7,Match,,,,Yes,Yes,Match,No,Covered,Traced,Verified,"due stage: GenAI 'W1', matrix 'W2'; module category: GenAI 'Housekeeping Operations', matrix 'Workplace Conduct' (FAQ-01 §Q7)."
P-E004 v1,Mateus Oliveira,HKS,R-FAQ-01-004,FAQ-01 §Q15,Yes,Yes,Match,No,Yes,Mismatch,Low,Low,Match,D30,W2,Mismatch,General,Housekeeping Operations,Mismatch,FAQ-01,FAQ-01,Match,Q15,Q15,Match,,,,,,,No,Included,Traced,Partially Verified,"mandatory status: GenAI True, matrix False; due stage: GenAI 'W2', matrix 'D30'; module category: GenAI 'Housekeeping Operations', matrix 'General' (FAQ-01 §Q15)."
P-E004 v1,Mateus Oliveira,HKS,R-FIN-01-001,FIN-01 §2.1,Yes,No,Mismatch,,,,,,,,,,,,,,,,,,,,,,,,,No,Missing,Traced,Requirement Missing,"The matrix expects R-FIN-01-001 (mandatory, FIN-01 §2.1); GenAI left it out."
P-E004 v1,Mateus Oliveira,HKS,R-FIN-01-002,FIN-01 §2.4,Yes,No,Mismatch,,,,,,,,,,,,,,,,,,,,,,,,,No,Missing,Traced,Requirement Missing,"The matrix expects R-FIN-01-002 (mandatory, FIN-01 §2.4); GenAI left it out."
P-E004 v1,Mateus Oliveira,HKS,R-FIN-01-003,FIN-01 §3.1,Yes,No,Mismatch,,,,,,,,,,,,,,,,,,,,,,,,,No,Missing,Traced,Requirement Missing,"The matrix expects R-FIN-01-003 (mandatory, FIN-01 §3.1); GenAI left it out."
P-E004 v1,Mateus Oliveira,HKS,R-FIN-01-004,FIN-01 §4.2,Yes,No,Mismatch,,,,,,,,,,,,,,,,,,,,,,,,,No,Missing,Traced,Requirement Missing,"The matrix expects R-FIN-01-004 (mandatory, FIN-01 §4.2); GenAI left it out."
P-E004 v1,Mateus Oliveira,HKS,R-FIN-01-005,FIN-01 §5.2,Yes,No,Mismatch,,,,,,,,,,,,,,,,,,,,,,,,,No,Missing,Traced,Requirement Missing,"The matrix expects R-FIN-01-005 (mandatory, FIN-01 §5.2); GenAI left it out."
P-E004 v1,Mateus Oliveira,HKS,R-FLS-01-001,FLS-01 §1.2,Yes,Yes,Match,Yes,Yes,Match,High,High,Match,D1,D1,Match,Fire & Life Safety,Fire & Life Safety,Match,FLS-01,FLS-01,Match,1.2,1.2,Match,,,,,,,Yes,Covered,Traced,Verified,GenAI and the matrix agree on every compared field.
P-E004 v1,Mateus Oliveira,HKS,R-FLS-01-002,FLS-01 §1.3,Yes,Yes,Match,Yes,Yes,Match,High,High,Match,W1,D1,Mismatch,Fire & Life Safety,Fire & Life Safety,Match,FLS-01,FLS-01,Match,1.3,1.3,Match,,,,Yes,Yes,Match,No,Covered,Traced,Verified,"due stage: GenAI 'D1', matrix 'W1' (FLS-01 §1.3)."
P-E004 v1,Mateus Oliveira,HKS,R-FLS-01-003,FLS-01 §2.1,Yes,Yes,Match,Yes,Yes,Match,High,High,Match,W1,D1,Mismatch,Fire & Life Safety,Fire & Life Safety,Match,FLS-01,FLS-01,Match,2.1,2.1,Match,,,,Yes,Yes,Match,No,Covered,Traced,Verified,"due stage: GenAI 'D1', matrix 'W1' (FLS-01 §2.1)."
P-E004 v1,Mateus Oliveira,HKS,R-FLS-01-004,FLS-01 §3.1,Yes,Yes,Match,Yes,Yes,Match,High,Medium,Mismatch,D90,D90,Match,Fire & Life Safety,Fire & Life Safety,Match,FLS-01,FLS-01,Match,3.1,3.1,Match,,,,,,,No,Covered,Traced,Verified with Warning,"priority: GenAI 'Medium', matrix 'High' (FLS-01 §3.1)."
P-E004 v1,Mateus Oliveira,HKS,R-FLS-01-005,FLS-01 §3.4,Yes,Yes,Match,Yes,Yes,Match,High,Medium,Mismatch,W2,W2,Match,Fire & Life Safety,Fire & Life Safety,Match,FLS-01,FLS-01,Match,3.4,3.4,Match,Yes,Yes,Match,Yes,Yes,Match,No,Covered,Traced,Verified,"priority: GenAI 'Medium', matrix 'High' (FLS-01 §3.4)."
P-E004 v1,Mateus Oliveira,HKS,R-GDP-01-001,GDP-01 §2.1,Yes,Yes,Match,Yes,Yes,Match,High,High,Match,W1,W1,Match,Data Privacy,Data Privacy,Match,GDP-01,GDP-01,Match,2.1,2.1,Match,,,,,,,Yes,Covered,Traced,Verified,GenAI and the matrix agree on every compared field.
P-E004 v1,Mateus Oliveira,HKS,R-GDP-01-002,GDP-01 §3.1,Yes,Yes,Match,Yes,Yes,Match,High,High,Match,W1,D1,Mismatch,Data Privacy,Data Privacy,Match,GDP-01,GDP-01,Match,3.1,3.1,Match,,,,Yes,Yes,Match,No,Covered,Traced,Verified,"due stage: GenAI 'D1', matrix 'W1' (GDP-01 §3.1)."
P-E004 v1,Mateus Oliveira,HKS,R-GDP-01-003,GDP-01 §4.1,Yes,Yes,Match,Yes,Yes,Match,High,High,Match,W1,W1,Match,Data Privacy,Data Privacy,Match,GDP-01,GDP-01,Match,4.1,4.1,Match,,,,Yes,Yes,Match,Yes,Covered,Traced,Verified,GenAI and the matrix agree on every compared field.
P-E004 v1,Mateus Oliveira,HKS,R-GDP-01-004,GDP-01 §4.2,Yes,Yes,Match,Yes,Yes,Match,High,High,Match,W1,W1,Match,Data Privacy,Data Privacy,Match,GDP-01,GDP-01,Match,4.2,4.2,Match,,,,Yes,Yes,Match,Yes,Covered,Traced,Verified,GenAI and the matrix agree on every compared field.
P-E004 v1,Mateus Oliveira,HKS,R-GDP-01-005,GDP-01 §5.1,Yes,Yes,Match,Yes,Yes,Match,High,High,Match,W1,D1,Mismatch,Data Privacy,Data Privacy,Match,GDP-01,GDP-01,Match,5.1,5.1,Match,,,,Yes,Yes,Match,No,Covered,Traced,Verified,"due stage: GenAI 'D1', matrix 'W1' (GDP-01 §5.1)."
P-E004 v1,Mateus Oliveira,HKS,R-GDP-01-007,GDP-01 §6.1,Yes,Yes,Match,Yes,Yes,Match,High,Medium,Mismatch,W1,W1,Match,HR Operations,Data Privacy,Mismatch,GDP-01,GDP-01,Match,6.1,6.1,Match,,,,Yes,Yes,Match,No,Covered,Traced,Verified,"priority: GenAI 'Medium', matrix 'High'; module category: GenAI 'Data Privacy', matrix 'HR Operations' (GDP-01 §6.1)."
P-E004 v1,Mateus Oliveira,HKS,R-GDP-01-008,GDP-01 §7.1,Yes,Yes,Match,Yes,Yes,Match,High,High,Match,W1,D1,Mismatch,Data Privacy,Data Privacy,Match,GDP-01,GDP-01,Match,7.1,7.1,Match,,,,Yes,Yes,Match,No,Covered,Traced,Verified,"due stage: GenAI 'D1', matrix 'W1' (GDP-01 §7.1)."
P-E004 v1,Mateus Oliveira,HKS,R-GDP-01-009,GDP-01 §4.5,Yes,Yes,Match,Yes,Yes,Match,High,High,Match,W1,D1,Mismatch,Data Privacy,Data Privacy,Match,GDP-01,GDP-01,Match,4.5,4.5,Match,,,,Yes,Yes,Match,No,Covered,Traced,Verified,"due stage: GenAI 'D1', matrix 'W1' (GDP-01 §4.5)."
P-E004 v1,Mateus Oliveira,HKS,R-HBK-01-001,HBK-01 §1.2,Yes,Yes,Match,Yes,Yes,Match,High,High,Match,D1,D1,Match,Company Orientation,Company Orientation,Match,HBK-01,HBK-01,Match,1.2,1.2,Match,,,,,,,Yes,Covered,Traced,Verified,GenAI and the matrix agree on every compared field.
P-E004 v1,Mateus Oliveira,HKS,R-HBK-01-002,HBK-01 §2.1,Yes,Yes,Match,Yes,Yes,Match,High,High,Match,D1,D1,Match,Company Orientation,HR Essentials,Mismatch,HBK-01,HBK-01,Match,2.1,2.1,Match,,,,,,,No,Covered,Traced,Verified,"module category: GenAI 'HR Essentials', matrix 'Company Orientation' (HBK-01 §2.1)."
P-E004 v1,Mateus Oliveira,HKS,R-HBK-01-003,HBK-01 §2.4,Yes,Yes,Match,Yes,Yes,Match,Medium,High,Mismatch,W2,D1,Mismatch,Company Orientation,HR Essentials,Mismatch,HBK-01,HBK-01,Match,2.4,2.4,Match,,,,Yes,Yes,Match,No,Covered,Traced,Verified,"priority: GenAI 'High', matrix 'Medium'; due stage: GenAI 'D1', matrix 'W2'; module category: GenAI 'HR Essentials', matrix 'Company Orientation' (HBK-01 §2.4)."
P-E004 v1,Mateus Oliveira,HKS,R-HBK-01-004,HBK-01 §3.2,Yes,Yes,Match,No,No,Match,Low,Medium,Mismatch,D30,D30,Match,Company Orientation,Company Orientation,Match,HBK-01,HBK-01,Match,3.2,3.2,Match,,,,,,,No,Included,Traced,Verified,"priority: GenAI 'Medium', matrix 'Low' (HBK-01 §3.2)."
P-E004 v1,Mateus Oliveira,HKS,R-HRP-01-001,HRP-01 §2.1,Yes,Yes,Match,Yes,Yes,Match,Medium,High,Mismatch,W1,D1,Mismatch,HR Essentials,HR Operations,Mismatch,HRP-01,HRP-01,Match,2.1,2.1,Match,,,,,,,No,Covered,Traced,Verified,"priority: GenAI 'High', matrix 'Medium'; due stage: GenAI 'D1', matrix 'W1'; module category: GenAI 'HR Operations', matrix 'HR Essentials' (HRP-01 §2.1)."
P-E004 v1,Mateus Oliveira,HKS,R-HRP-01-002,HRP-01 §2.3,Yes,Yes,Match,Yes,Yes,Match,Medium,Medium,Match,W1,D30,Mismatch,Front Office Operations,HR Operations,Mismatch,HRP-01,HRP-01,Match,2.3,2.3,Match,,,,,,,No,Covered,Traced,Verified,"due stage: GenAI 'D30', matrix 'W1'; module category: GenAI 'HR Operations', matrix 'Front Office Operations' (HRP-01 §2.3)."
P-E004 v1,Mateus Oliveira,HKS,R-HRP-01-003,HRP-01 §3.1,Yes,Yes,Match,Yes,Yes,Match,Medium,Medium,Match,W2,D1,Mismatch,HR Essentials,HR Operations,Mismatch,HRP-01,HRP-01,Match,3.1,3.1,Match,,,,Yes,Yes,Match,No,Covered,Traced,Verified,"due stage: GenAI 'D1', matrix 'W2'; module category: GenAI 'HR Operations', matrix 'HR Essentials' (HRP-01 §3.1)."
P-E004 v1,Mateus Oliveira,HKS,R-HRP-01-005,HRP-01 §4.2,Yes,Yes,Match,Yes,Yes,Match,Medium,High,Mismatch,W2,D1,Mismatch,HR Essentials,HR Operations,Mismatch,HRP-01,HRP-01,Match,4.2,4.2,Match,,,,Yes,Yes,Match,No,Covered,Traced,Verified,"priority: GenAI 'High', matrix 'Medium'; due stage: GenAI 'D1', matrix 'W2'; module category: GenAI 'HR Operations', matrix 'HR Essentials' (HRP-01 §4.2)."
P-E004 v1,Mateus Oliveira,HKS,R-HRP-01-006,HRP-01 §5.1,Yes,Yes,Match,Yes,Yes,Match,Medium,Low,Mismatch,W2,W1,Mismatch,HR Essentials,HR Operations,Mismatch,HRP-01,HRP-01,Match,5.1,5.1,Match,,,,Yes,Yes,Match,No,Covered,Traced,Verified,"priority: GenAI 'Low', matrix 'Medium'; due stage: GenAI 'W1', matrix 'W2'; module category: GenAI 'HR Operations', matrix 'HR Essentials' (HRP-01 §5.1)."
P-E004 v1,Mateus Oliveira,HKS,R-HRP-01-007,HRP-01 §6.2,Yes,Yes,Match,No,No,Match,Low,Low,Match,D30,D90,Mismatch,HR Essentials,HR Operations,Mismatch,HRP-01,HRP-01,Match,6.2,6.2,Match,,,,,,,No,Included,Traced,Verified,"due stage: GenAI 'D90', matrix 'D30'; module category: GenAI 'HR Operations', matrix 'HR Essentials' (HRP-01 §6.2)."
P-E004 v1,Mateus Oliveira,HKS,R-HSP-01-002,HSP-01 §3.1,Yes,Yes,Match,Yes,Yes,Match,High,High,Match,W1,D1,Mismatch,Health & Safety,Health & Safety,Match,HSP-01,HSP-01,Match,3.1,3.1,Match,,,,Yes,Yes,Match,No,Covered,Traced,Verified,"due stage: GenAI 'D1', matrix 'W1' (HSP-01 §3.1)."
P-E004 v1,Mateus Oliveira,HKS,R-HSP-01-003,HSP-01 §3.3,Yes,Yes,Match,Yes,Yes,Match,High,High,Match,W1,D1,Mismatch,Health & Safety,Housekeeping Operations,Mismatch,HSP-01,HSP-01,Match,3.3,3.3,Match,,,,,,,No,Covered,Traced,Verified,"due stage: GenAI 'D1', matrix 'W1'; module category: GenAI 'Housekeeping Operations', matrix 'Health & Safety' (HSP-01 §3.3)."
P-E004 v1,Mateus Oliveira,HKS,R-HSP-01-004,HSP-01 §4.1,Yes,Yes,Match,Yes,Yes,Match,High,Medium,Mismatch,W1,D1,Mismatch,Health & Safety,Health & Safety,Match,HSP-01,HSP-01,Match,4.1,4.1,Match,,,,Yes,Yes,Match,No,Covered,Traced,Verified,"priority: GenAI 'Medium', matrix 'High'; due stage: GenAI 'D1', matrix 'W1' (HSP-01 §4.1)."
P-E004 v1,Mateus Oliveira,HKS,R-HSP-01-005,HSP-01 §5.2,Yes,No,Mismatch,,,,,,,,,,,,,,,,,,,,,,,,,No,Missing,Traced,Requirement Missing,"The matrix expects R-HSP-01-005 (mandatory, HSP-01 §5.2); GenAI left it out."
P-E004 v1,Mateus Oliveira,HKS,R-HSP-01-007,HSP-01 §5.5,Yes,No,Mismatch,,,,,,,,,,,,,,,,,,,,,,,,,No,Missing,Traced,Requirement Missing,"The matrix expects R-HSP-01-007 (mandatory, HSP-01 §5.5); GenAI left it out."
P-E004 v1,Mateus Oliveira,HKS,R-ISP-01-001,ISP-01 §2.1,Yes,Yes,Match,Yes,Yes,Match,High,High,Match,W1,D1,Mismatch,Information Security,Information Security,Match,ISP-01,ISP-01,Match,2.1,2.1,Match,,,,,,,No,Covered,Traced,Verified,"due stage: GenAI 'D1', matrix 'W1' (ISP-01 §2.1)."
P-E004 v1,Mateus Oliveira,HKS,R-ISP-01-002,ISP-01 §3.1,Yes,Yes,Match,Yes,Yes,Match,High,High,Match,W1,D1,Mismatch,Information Security,Information Security,Match,ISP-01,ISP-01,Match,3.1,3.1,Match,,,,Yes,Yes,Match,No,Covered,Traced,Verified,"due stage: GenAI 'D1', matrix 'W1' (ISP-01 §3.1)."
P-E004 v1,Mateus Oliveira,HKS,R-ISP-01-003,ISP-01 §3.3,Yes,Yes,Match,Yes,Yes,Match,High,High,Match,W1,D1,Mismatch,Information Security,Information Security,Match,ISP-01,ISP-01,Match,3.3,3.3,Match,,,,,,,No,Covered,Traced,Verified,"due stage: GenAI 'D1', matrix 'W1' (ISP-01 §3.3)."
P-E004 v1,Mateus Oliveira,HKS,R-ISP-01-004,ISP-01 §3.5,Yes,Yes,Match,Yes,Yes,Match,High,High,Match,W1,D1,Mismatch,Information Security,Information Security,Match,ISP-01,ISP-01,Match,3.5,3.5,Match,,,,Yes,Yes,Match,No,Covered,Traced,Verified,"due stage: GenAI 'D1', matrix 'W1' (ISP-01 §3.5)."
P-E004 v1,Mateus Oliveira,HKS,R-ISP-01-005,ISP-01 §4.2,Yes,Yes,Match,Yes,Yes,Match,High,Medium,Mismatch,W1,D1,Mismatch,Information Security,Information Security,Match,ISP-01,ISP-01,Match,4.2,4.2,Match,,,,Yes,Yes,Match,No,Covered,Traced,Verified,"priority: GenAI 'Medium', matrix 'High'; due stage: GenAI 'D1', matrix 'W1' (ISP-01 §4.2)."
P-E004 v1,Mateus Oliveira,HKS,R-ISP-01-006,ISP-01 §5.1,Yes,Yes,Match,Yes,Yes,Match,High,Medium,Mismatch,W1,W1,Match,Information Security,Information Security,Match,ISP-01,ISP-01,Match,5.1,5.1,Match,,,,Yes,Yes,Match,No,Covered,Traced,Verified,"priority: GenAI 'Medium', matrix 'High' (ISP-01 §5.1)."
P-E004 v1,Mateus Oliveira,HKS,R-ISP-01-007,ISP-01 §6.2,Yes,Yes,Match,Yes,Yes,Match,High,High,Match,W1,D1,Mismatch,Information Security,Data Privacy,Mismatch,ISP-01,ISP-01,Match,6.2,6.2,Match,,,,Yes,Yes,Match,No,Covered,Traced,Verified,"due stage: GenAI 'D1', matrix 'W1'; module category: GenAI 'Data Privacy', matrix 'Information Security' (ISP-01 §6.2)."
P-E004 v1,Mateus Oliveira,HKS,R-ISP-01-008,ISP-01 §7.1,Yes,Yes,Match,Yes,Yes,Match,High,High,Match,W1,D1,Mismatch,Incident Management,Information Security,Mismatch,ISP-01,ISP-01,Match,7.1,7.1,Match,,,,Yes,Yes,Match,No,Covered,Traced,Verified,"due stage: GenAI 'D1', matrix 'W1'; module category: GenAI 'Information Security', matrix 'Incident Management' (ISP-01 §7.1)."
P-E004 v1,Mateus Oliveira,HKS,R-ITA-01-001,ITA-01 §2.1,Yes,Yes,Match,Yes,Yes,Match,High,High,Match,W1,D1,Mismatch,Information Security,IT & Systems,Mismatch,ITA-01,ITA-01,Match,2.1,2.1,Match,,,,Yes,Yes,Match,No,Covered,Traced,Verified,"due stage: GenAI 'D1', matrix 'W1'; module category: GenAI 'IT & Systems', matrix 'Information Security' (ITA-01 §2.1)."
P-E004 v1,Mateus Oliveira,HKS,R-ITA-01-002,ITA-01 §2.3,Yes,Yes,Match,Yes,Yes,Match,Medium,High,Mismatch,W2,D1,Mismatch,IT & Systems,IT & Systems,Match,ITA-01,ITA-01,Match,2.3,2.3,Match,,,,Yes,Yes,Match,No,Covered,Traced,Verified,"priority: GenAI 'High', matrix 'Medium'; due stage: GenAI 'D1', matrix 'W2' (ITA-01 §2.3)."
P-E004 v1,Mateus Oliveira,HKS,R-ITA-01-004,ITA-01 §3.4,Yes,Yes,Match,Yes,Yes,Match,Medium,Medium,Match,W2,W1,Mismatch,IT & Systems,IT & Systems,Match,ITA-01,ITA-01,Match,3.4,3.4,Match,,,,Yes,Yes,Match,No,Covered,Traced,Verified,"due stage: GenAI 'W1', matrix 'W2' (ITA-01 §3.4)."
P-E004 v1,Mateus Oliveira,HKS,R-ITA-01-005,ITA-01 §4.1,Yes,Yes,Match,Yes,Yes,Match,Medium,Medium,Match,W2,D1,Mismatch,IT & Systems,IT & Systems,Match,ITA-01,ITA-01,Match,4.1,4.1,Match,,,,Yes,Yes,Match,No,Covered,Traced,Verified,"due stage: GenAI 'D1', matrix 'W2' (ITA-01 §4.1)."
P-E004 v1,Mateus Oliveira,HKS,R-ITA-01-006,ITA-01 §5.2,Yes,Yes,Match,No,No,Match,Low,Low,Match,D30,W1,Mismatch,IT & Systems,IT & Systems,Match,ITA-01,ITA-01,Match,5.2,5.2,Match,,,,,,,No,Included,Traced,Verified,"due stage: GenAI 'W1', matrix 'D30' (ITA-01 §5.2)."
P-E004 v1,Mateus Oliveira,HKS,R-LVP-01-001,LVP-01 §2.1,Yes,Yes,Match,Yes,Yes,Match,Medium,Low,Mismatch,W2,W1,Mismatch,HR Essentials,HR Operations,Mismatch,LVP-01,LVP-01,Match,2.1,2.1,Match,,,,Yes,Yes,Match,No,Covered,Traced,Verified,"priority: GenAI 'Low', matrix 'Medium'; due stage: GenAI 'W1', matrix 'W2'; module category: GenAI 'HR Operations', matrix 'HR Essentials' (LVP-01 §2.1)."
P-E004 v1,Mateus Oliveira,HKS,R-LVP-01-002,LVP-01 §2.4,Yes,Yes,Match,Yes,Yes,Match,Medium,Low,Mismatch,W2,W1,Mismatch,HR Essentials,HR Operations,Mismatch,LVP-01,LVP-01,Match,2.4,2.4,Match,,,,Yes,Yes,Match,No,Covered,Traced,Verified,"priority: GenAI 'Low', matrix 'Medium'; due stage: GenAI 'W1', matrix 'W2'; module category: GenAI 'HR Operations', matrix 'HR Essentials' (LVP-01 §2.4)."
P-E004 v1,Mateus Oliveira,HKS,R-LVP-01-003,LVP-01 §3.1,Yes,Yes,Match,Yes,Yes,Match,High,Low,Mismatch,D1,W1,Mismatch,HR Essentials,HR Operations,Mismatch,LVP-01,LVP-01,Match,3.1,3.1,Match,,,,Yes,Yes,Match,No,Covered,Traced,Verified with Warning,"priority: GenAI 'Low', matrix 'High'; due stage: GenAI 'W1', matrix 'D1'; module category: GenAI 'HR Operations', matrix 'HR Essentials' (LVP-01 §3.1)."
P-E004 v1,Mateus Oliveira,HKS,R-LVP-01-004,LVP-01 §3.3,Yes,Yes,Match,Yes,Yes,Match,Medium,Low,Mismatch,W2,W1,Mismatch,HR Essentials,HR Operations,Mismatch,LVP-01,LVP-01,Match,3.3,3.4,Mismatch,,,,Yes,Yes,Match,No,Covered,Traced,Verified with Warning,"priority: GenAI 'Low', matrix 'Medium'; due stage: GenAI 'W1', matrix 'W2'; module category: GenAI 'HR Operations', matrix 'HR Essentials'; source section: GenAI '3.4', matrix '3.3' (LVP-01 §3.3)."
P-E004 v1,Mateus Oliveira,HKS,R-LVP-01-005,LVP-01 §4.2,Yes,Yes,Match,Yes,Yes,Match,Medium,Low,Mismatch,W2,W1,Mismatch,HR Essentials,HR Operations,Mismatch,LVP-01,LVP-01,Match,4.2,4.2,Match,,,,Yes,Yes,Match,No,Covered,Traced,Verified,"priority: GenAI 'Low', matrix 'Medium'; due stage: GenAI 'W1', matrix 'W2'; module category: GenAI 'HR Operations', matrix 'HR Essentials' (LVP-01 §4.2)."
P-E004 v1,Mateus Oliveira,HKS,R-MEM-01-002,MEM-01 §para 4,Yes,Yes,Match,No,Yes,Mismatch,Low,Medium,Mismatch,D30,D1,Mismatch,Workplace Conduct,Housekeeping Operations,Mismatch,MEM-01,MEM-01,Match,para 4,para 4,Match,,,,,,,No,Included,Traced,Partially Verified,"mandatory status: GenAI True, matrix False; priority: GenAI 'Medium', matrix 'Low'; due stage: GenAI 'D1', matrix 'D30'; module category: GenAI 'Housekeeping Operations', matrix 'Workplace Conduct' (MEM-01 §para 4)."
P-E004 v1,Mateus Oliveira,HKS,R-ROL-01-006,ROL-01 §3.4,Yes,Yes,Match,Yes,Yes,Match,Medium,High,Mismatch,W1,D1,Mismatch,Housekeeping Operations,Housekeeping Operations,Match,ROL-01,ROL-01,Match,3.4,3.4,Match,,,,,,,No,Covered,Traced,Verified,"priority: GenAI 'High', matrix 'Medium'; due stage: GenAI 'D1', matrix 'W1' (ROL-01 §3.4)."
P-E004 v1,Mateus Oliveira,HKS,R-SOP-FO-01-001,SOP-FO-01 §2.1,Yes,No,Mismatch,,,,,,,,,,,,,,,,,,,,,,,,,No,Missing,Traced,Requirement Missing,"The matrix expects R-SOP-FO-01-001 (mandatory, SOP-FO-01 §2.1); GenAI left it out."
P-E004 v1,Mateus Oliveira,HKS,R-SOP-FO-01-002,SOP-FO-01 §2.4,Yes,No,Mismatch,,,,,,,,,,,,,,,,,,,,,,,,,No,Missing,Traced,Requirement Missing,"The matrix expects R-SOP-FO-01-002 (mandatory, SOP-FO-01 §2.4); GenAI left it out."
P-E004 v1,Mateus Oliveira,HKS,R-SOP-FO-01-003,SOP-FO-01 §3.1,Yes,No,Mismatch,,,,,,,,,,,,,,,,,,,,,,,,,No,Missing,Traced,Requirement Missing,"The matrix expects R-SOP-FO-01-003 (mandatory, SOP-FO-01 §3.1); GenAI left it out."
P-E004 v1,Mateus Oliveira,HKS,R-SOP-FO-01-004,SOP-FO-01 §3.3,Yes,No,Mismatch,,,,,,,,,,,,,,,,,,,,,,,,,No,Missing,Traced,Requirement Missing,"The matrix expects R-SOP-FO-01-004 (mandatory, SOP-FO-01 §3.3); GenAI left it out."
P-E004 v1,Mateus Oliveira,HKS,R-SOP-FO-01-005,SOP-FO-01 §4.2,Yes,No,Mismatch,,,,,,,,,,,,,,,,,,,,,,,,,No,Missing,Traced,Requirement Missing,"The matrix expects R-SOP-FO-01-005 (mandatory, SOP-FO-01 §4.2); GenAI left it out."
P-E004 v1,Mateus Oliveira,HKS,R-SOP-FO-01-006,SOP-FO-01 §5.2,Yes,No,Mismatch,,,,,,,,,,,,,,,,,,,,,,,,,No,Missing,Traced,Requirement Missing,"The matrix expects R-SOP-FO-01-006 (mandatory, SOP-FO-01 §5.2); GenAI left it out."
P-E004 v1,Mateus Oliveira,HKS,R-SOP-FO-01-007,SOP-FO-01 §6.1,Yes,No,Mismatch,,,,,,,,,,,,,,,,,,,,,,,,,No,Missing,Traced,Requirement Missing,"The matrix expects R-SOP-FO-01-007 (mandatory, SOP-FO-01 §6.1); GenAI left it out."
P-E004 v1,Mateus Oliveira,HKS,R-SOP-HK-01-001,SOP-HK-01 §2.1,Yes,Yes,Match,Yes,Yes,Match,Medium,High,Mismatch,W2,D1,Mismatch,Housekeeping Operations,Housekeeping Operations,Match,SOP-HK-01,SOP-HK-01,Match,2.1,2.1,Match,,,,Yes,Yes,Match,No,Covered,Traced,Verified,"priority: GenAI 'High', matrix 'Medium'; due stage: GenAI 'D1', matrix 'W2' (SOP-HK-01 §2.1)."
P-E004 v1,Mateus Oliveira,HKS,R-SOP-HK-01-002,SOP-HK-01 §2.4,Yes,Yes,Match,Yes,Yes,Match,Medium,High,Mismatch,W2,D1,Mismatch,Housekeeping Operations,Housekeeping Operations,Match,SOP-HK-01,SOP-HK-01,Match,2.4,2.4,Match,,,,Yes,Yes,Match,No,Covered,Traced,Verified,"priority: GenAI 'High', matrix 'Medium'; due stage: GenAI 'D1', matrix 'W2' (SOP-HK-01 §2.4)."
P-E004 v1,Mateus Oliveira,HKS,R-SOP-HK-01-003,SOP-HK-01 §3.1,Yes,Yes,Match,Yes,Yes,Match,Medium,High,Mismatch,W2,D1,Mismatch,Housekeeping Operations,Housekeeping Operations,Match,SOP-HK-01,SOP-HK-01,Match,3.1,3.1,Match,,,,Yes,Yes,Match,No,Covered,Traced,Verified,"priority: GenAI 'High', matrix 'Medium'; due stage: GenAI 'D1', matrix 'W2' (SOP-HK-01 §3.1)."
P-E004 v1,Mateus Oliveira,HKS,R-SOP-HK-01-004,SOP-HK-01 §3.3,Yes,Yes,Match,Yes,Yes,Match,Medium,High,Mismatch,W2,D1,Mismatch,Housekeeping Operations,Housekeeping Operations,Match,SOP-HK-01,SOP-HK-01,Match,3.3,3.3,Match,,,,Yes,Yes,Match,No,Covered,Traced,Verified,"priority: GenAI 'High', matrix 'Medium'; due stage: GenAI 'D1', matrix 'W2' (SOP-HK-01 §3.3)."
P-E004 v1,Mateus Oliveira,HKS,R-SOP-HK-01-005,SOP-HK-01 §4.2,Yes,Yes,Match,Yes,Yes,Match,Medium,Medium,Match,W2,D1,Mismatch,Housekeeping Operations,Housekeeping Operations,Match,SOP-HK-01,SOP-HK-01,Match,4.2,4.2,Match,,,,Yes,Yes,Match,No,Covered,Traced,Verified,"due stage: GenAI 'D1', matrix 'W2' (SOP-HK-01 §4.2)."
P-E004 v1,Mateus Oliveira,HKS,R-SOP-HK-01-006,SOP-HK-01 §5.1,Yes,Yes,Match,No,No,Match,Low,Low,Match,D30,W2,Mismatch,Housekeeping Operations,Housekeeping Operations,Match,SOP-HK-01,SOP-HK-01,Match,5.1,5.1,Match,,,,,,,No,Included,Traced,Verified,"due stage: GenAI 'W2', matrix 'D30' (SOP-HK-01 §5.1)."
P-E004 v1,Mateus Oliveira,HKS,R-SOP-HK-02-001,SOP-HK-02 §2.1,Yes,Yes,Match,Yes,Yes,Match,Medium,High,Mismatch,W2,D1,Mismatch,Housekeeping Operations,Housekeeping Operations,Match,SOP-HK-02,SOP-HK-02,Match,2.1,2.1,Match,,,,Yes,Yes,Match,No,Covered,Traced,Outdated Source,"priority: GenAI 'High', matrix 'Medium'; due stage: GenAI 'D1', matrix 'W2' (SOP-HK-02 §2.1)."
P-E004 v1,Mateus Oliveira,HKS,R-SOP-HK-02-002,SOP-HK-02 §2.3,Yes,Yes,Match,Yes,Yes,Match,Medium,High,Mismatch,W2,D1,Mismatch,Housekeeping Operations,Housekeeping Operations,Match,SOP-HK-02,SOP-HK-02,Match,2.3,2.3,Match,,,,Yes,Yes,Match,No,Covered,Traced,Outdated Source,"priority: GenAI 'High', matrix 'Medium'; due stage: GenAI 'D1', matrix 'W2' (SOP-HK-02 §2.3)."
P-E004 v1,Mateus Oliveira,HKS,R-SOP-HK-02-003,SOP-HK-02 §3.1,Yes,Yes,Match,Yes,Yes,Match,Medium,Medium,Match,W2,W1,Mismatch,Housekeeping Operations,Housekeeping Operations,Match,SOP-HK-02,SOP-HK-02,Match,3.1,3.1,Match,,,,Yes,Yes,Match,No,Covered,Traced,Outdated Source,"due stage: GenAI 'W1', matrix 'W2' (SOP-HK-02 §3.1)."
P-E004 v1,Mateus Oliveira,HKS,R-SOP-HK-02-004,SOP-HK-02 §3.4,Yes,Yes,Match,Yes,Yes,Match,Medium,High,Mismatch,W2,D1,Mismatch,General,Housekeeping Operations,Mismatch,SOP-HK-02,SOP-HK-02,Match,3.4,3.4,Match,,,,Yes,Yes,Match,No,Covered,Traced,Outdated Source,"priority: GenAI 'High', matrix 'Medium'; due stage: GenAI 'D1', matrix 'W2'; module category: GenAI 'Housekeeping Operations', matrix 'General' (SOP-HK-02 §3.4)."
P-E004 v1,Mateus Oliveira,HKS,R-SOP-HK-02-005,SOP-HK-02 §4.1,Yes,Yes,Match,No,Yes,Mismatch,Low,Low,Match,D30,W2,Mismatch,General,Housekeeping Operations,Mismatch,SOP-HK-02,SOP-HK-02,Match,4.1,4.1,Match,,,,,,,No,Included,Traced,Outdated Source,"mandatory status: GenAI True, matrix False; due stage: GenAI 'W2', matrix 'D30'; module category: GenAI 'Housekeeping Operations', matrix 'General' (SOP-HK-02 §4.1)."
P-E010 v1,Priya Raman,HRE,R-CMP-01-001,CMP-01 §2.1,Yes,Yes,Match,Yes,Yes,Match,High,High,Match,D1,D1,Match,Fire & Life Safety,Fire & Life Safety,Match,CMP-01,CMP-01,Match,2.1,2.1,Match,,,,Yes,Yes,Match,Yes,Covered,Traced,Verified,GenAI and the matrix agree on every compared field.
P-E010 v1,Priya Raman,HRE,R-CMP-01-002,CMP-01 §2.2,Yes,Yes,Match,Yes,Yes,Match,High,High,Match,W1,W1,Match,Data Privacy,Data Privacy,Match,CMP-01,CMP-01,Match,2.2,2.2,Match,,,,,,,Yes,Covered,Traced,Verified,GenAI and the matrix agree on every compared field.
P-E010 v1,Priya Raman,HRE,R-CMP-01-003,CMP-01 §2.3,Yes,Yes,Match,Yes,Yes,Match,High,High,Match,W1,W1,Match,General,Information Security,Mismatch,CMP-01,CMP-01,Match,2.3,2.3,Match,,,,,,,No,Covered,Traced,Verified,"module category: GenAI 'Information Security', matrix 'General' (CMP-01 §2.3)."
P-E010 v1,Priya Raman,HRE,R-CMP-01-004,CMP-01 §3.1,Yes,Yes,Match,Yes,Yes,Match,Medium,Medium,Match,D30,D30,Match,Company Orientation,HR Essentials,Mismatch,CMP-01,CMP-01,Match,3.1,3.1,Match,,,,Yes,Yes,Match,No,Covered,Traced,Verified,"module category: GenAI 'HR Essentials', matrix 'Company Orientation' (CMP-01 §3.1)."
P-E010 v1,Priya Raman,HRE,R-CMP-01-005,CMP-01 §3.3,Yes,Yes,Match,Yes,Yes,Match,Medium,Medium,Match,W2,D30,Mismatch,Company Orientation,HR Essentials,Mismatch,CMP-01,CMP-01,Match,3.3,3.3,Match,,,,Yes,Yes,Match,No,Covered,Traced,Verified,"due stage: GenAI 'D30', matrix 'W2'; module category: GenAI 'HR Essentials', matrix 'Company Orientation' (CMP-01 §3.3)."
P-E010 v1,Priya Raman,HRE,R-CMP-01-006,CMP-01 §4.1,Yes,No,Mismatch,,,,,,,,,,,,,,,,,,,,,,,,,No,Missing,Traced,Requirement Missing,"The matrix expects R-CMP-01-006 (mandatory, CMP-01 §4.1); GenAI left it out."
P-E010 v1,Priya Raman,HRE,R-COC-01-001,COC-01 §1.3,Yes,Yes,Match,Yes,Yes,Match,High,High,Match,D1,D1,Match,Workplace Conduct,Workplace Conduct,Match,COC-01,COC-01,Match,1.3,1.3,Match,,,,,,,Yes,Covered,Traced,Verified,GenAI and the matrix agree on every compared field.
P-E010 v1,Priya Raman,HRE,R-COC-01-002,COC-01 §2.1,Yes,Yes,Match,Yes,Yes,Match,High,High,Match,W1,D1,Mismatch,Workplace Conduct,Workplace Conduct,Match,COC-01,COC-01,Match,2.1,2.1,Match,,,,Yes,Yes,Match,No,Covered,Traced,Verified,"due stage: GenAI 'D1', matrix 'W1' (COC-01 §2.1)."
P-E010 v1,Priya Raman,HRE,R-COC-01-003,COC-01 §3.2,Yes,Yes,Match,Yes,No,Mismatch,Medium,Low,Mismatch,W2,D30,Mismatch,Workplace Conduct,Workplace Conduct,Match,COC-01,COC-01,Match,3.2,3.2,Match,,,,Yes,Yes,Match,No,Covered,Traced,Partially Verified,"mandatory status: GenAI False, matrix True; priority: GenAI 'Low', matrix 'Medium'; due stage: GenAI 'D30', matrix 'W2' (COC-01 §3.2)."
P-E010 v1,Priya Raman,HRE,R-COC-01-004,COC-01 §4.1,Yes,Yes,Match,Yes,Yes,Match,Medium,High,Mismatch,W2,D1,Mismatch,Workplace Conduct,Company Orientation,Mismatch,COC-01,COC-01,Match,4.1,4.1,Match,,,,Yes,Yes,Match,No,Covered,Traced,Verified,"priority: GenAI 'High', matrix 'Medium'; due stage: GenAI 'D1', matrix 'W2'; module category: GenAI 'Company Orientation', matrix 'Workplace Conduct' (COC-01 §4.1)."
P-E010 v1,Priya Raman,HRE,R-COC-01-006,COC-01 §5.1,Yes,Yes,Match,Yes,Yes,Match,High,High,Match,W1,D1,Mismatch,Incident Management,Information Security,Mismatch,COC-01,COC-01,Match,5.1,5.1,Match,,,,Yes,Yes,Match,No,Covered,Traced,Verified,"due stage: GenAI 'D1', matrix 'W1'; module category: GenAI 'Information Security', matrix 'Incident Management' (COC-01 §5.1)."
P-E010 v1,Priya Raman,HRE,R-COC-01-007,COC-01 §6.3,Yes,Yes,Match,Yes,Yes,Match,Medium,Medium,Match,W2,W1,Mismatch,Workplace Conduct,Workplace Conduct,Match,COC-01,COC-01,Match,6.3,6.3,Match,,,,Yes,Yes,Match,No,Covered,Traced,Verified,"due stage: GenAI 'W1', matrix 'W2' (COC-01 §6.3)."
P-E010 v1,Priya Raman,HRE,R-ESC-01-001,ESC-01 §2.1,Yes,Yes,Match,Yes,Yes,Match,High,High,Match,W1,D1,Mismatch,Health & Safety,Incident Management,Mismatch,ESC-01,ESC-01,Match,2.1,2.1,Match,,,,Yes,Yes,Match,No,Covered,Traced,Verified with Warning,"due stage: GenAI 'D1', matrix 'W1'; module category: GenAI 'Incident Management', matrix 'Health & Safety' (ESC-01 §2.1)."
P-E010 v1,Priya Raman,HRE,R-ESC-01-003,ESC-01 §3.1,No,Yes,Mismatch,,,,,,,,,,,,,,,,,,,,,,,,,No,Included,Traced,Unsupported Requirement,"GenAI included R-ESC-01-003, but the matrix does not expect it for this employee (another role or a condition that does not apply)."
P-E010 v1,Priya Raman,HRE,R-ESC-01-004,ESC-01 §3.2,No,Yes,Mismatch,,,,,,,,,,,,,,,,,,,,,,,,,No,Included,Traced,Unsupported Requirement,"GenAI included R-ESC-01-004, but the matrix does not expect it for this employee (another role or a condition that does not apply)."
P-E010 v1,Priya Raman,HRE,R-ESC-01-005,ESC-01 §4.1,Yes,Yes,Match,Yes,Yes,Match,High,High,Match,W1,D1,Mismatch,Incident Management,Workplace Conduct,Mismatch,ESC-01,ESC-01,Match,4.1,4.1,Match,,,,Yes,Yes,Match,No,Covered,Traced,Verified,"due stage: GenAI 'D1', matrix 'W1'; module category: GenAI 'Workplace Conduct', matrix 'Incident Management' (ESC-01 §4.1)."
P-E010 v1,Priya Raman,HRE,R-FAQ-01-002,FAQ-01 §Q7,Yes,Yes,Match,Yes,Yes,Match,Medium,Medium,Match,W2,D1,Mismatch,Workplace Conduct,Health & Safety,Mismatch,FAQ-01,FAQ-01,Match,Q7,Q7,Match,,,,Yes,Yes,Match,No,Covered,Traced,Verified,"due stage: GenAI 'D1', matrix 'W2'; module category: GenAI 'Health & Safety', matrix 'Workplace Conduct' (FAQ-01 §Q7)."
P-E010 v1,Priya Raman,HRE,R-FAQ-01-004,FAQ-01 §Q15,Yes,Yes,Match,No,No,Match,Low,Low,Match,D30,W1,Mismatch,General,Guest Service Recovery,Mismatch,FAQ-01,FAQ-01,Match,Q15,Q15,Match,,,,,,,No,Included,Traced,Verified,"due stage: GenAI 'W1', matrix 'D30'; module category: GenAI 'Guest Service Recovery', matrix 'General' (FAQ-01 §Q15)."
P-E010 v1,Priya Raman,HRE,R-FIN-01-001,FIN-01 §2.1,Yes,No,Mismatch,,,,,,,,,,,,,,,,,,,,,,,,,No,Missing,Traced,Requirement Missing,"The matrix expects R-FIN-01-001 (mandatory, FIN-01 §2.1); GenAI left it out."
P-E010 v1,Priya Raman,HRE,R-FIN-01-002,FIN-01 §2.4,Yes,No,Mismatch,,,,,,,,,,,,,,,,,,,,,,,,,No,Missing,Traced,Requirement Missing,"The matrix expects R-FIN-01-002 (mandatory, FIN-01 §2.4); GenAI left it out."
P-E010 v1,Priya Raman,HRE,R-FIN-01-003,FIN-01 §3.1,Yes,No,Mismatch,,,,,,,,,,,,,,,,,,,,,,,,,No,Missing,Traced,Requirement Missing,"The matrix expects R-FIN-01-003 (mandatory, FIN-01 §3.1); GenAI left it out."
P-E010 v1,Priya Raman,HRE,R-FIN-01-004,FIN-01 §4.2,Yes,No,Mismatch,,,,,,,,,,,,,,,,,,,,,,,,,No,Missing,Traced,Requirement Missing,"The matrix expects R-FIN-01-004 (mandatory, FIN-01 §4.2); GenAI left it out."
P-E010 v1,Priya Raman,HRE,R-FIN-01-005,FIN-01 §5.2,Yes,No,Mismatch,,,,,,,,,,,,,,,,,,,,,,,,,No,Missing,Traced,Requirement Missing,"The matrix expects R-FIN-01-005 (mandatory, FIN-01 §5.2); GenAI left it out."
P-E010 v1,Priya Raman,HRE,R-FLS-01-001,FLS-01 §1.2,Yes,Yes,Match,Yes,Yes,Match,High,High,Match,D1,D1,Match,Fire & Life Safety,Fire & Life Safety,Match,FLS-01,FLS-01,Match,1.2,1.2,Match,,,,,,,Yes,Covered,Traced,Verified,GenAI and the matrix agree on every compared field.
P-E010 v1,Priya Raman,HRE,R-FLS-01-002,FLS-01 §1.3,Yes,Yes,Match,Yes,Yes,Match,High,High,Match,W1,D1,Mismatch,Fire & Life Safety,Fire & Life Safety,Match,FLS-01,FLS-01,Match,1.3,1.3,Match,,,,Yes,Yes,Match,No,Covered,Traced,Verified,"due stage: GenAI 'D1', matrix 'W1' (FLS-01 §1.3)."
P-E010 v1,Priya Raman,HRE,R-FLS-01-003,FLS-01 §2.1,Yes,Yes,Match,Yes,Yes,Match,High,High,Match,W1,D1,Mismatch,Fire & Life Safety,Fire & Life Safety,Match,FLS-01,FLS-01,Match,2.1,2.1,Match,,,,Yes,Yes,Match,No,Covered,Traced,Verified,"due stage: GenAI 'D1', matrix 'W1' (FLS-01 §2.1)."
P-E010 v1,Priya Raman,HRE,R-FLS-01-004,FLS-01 §3.1,Yes,Yes,Match,Yes,Yes,Match,High,Medium,Mismatch,D90,D90,Match,Fire & Life Safety,Fire & Life Safety,Match,FLS-01,FLS-01,Match,3.1,3.1,Match,,,,,,,No,Covered,Traced,Verified with Warning,"priority: GenAI 'Medium', matrix 'High' (FLS-01 §3.1)."
P-E010 v1,Priya Raman,HRE,R-FLS-01-005,FLS-01 §3.4,Yes,No,Mismatch,,,,,,,,,,,,,,,,,,,,,,,,,No,Missing,Traced,Requirement Missing,"The matrix expects R-FLS-01-005 (mandatory, FLS-01 §3.4); GenAI left it out."
P-E010 v1,Priya Raman,HRE,R-GDP-01-001,GDP-01 §2.1,Yes,Yes,Match,Yes,Yes,Match,High,High,Match,W1,W1,Match,Data Privacy,Data Privacy,Match,GDP-01,GDP-01,Match,2.1,2.1,Match,,,,,,,Yes,Covered,Traced,Verified,GenAI and the matrix agree on every compared field.
P-E010 v1,Priya Raman,HRE,R-GDP-01-002,GDP-01 §3.1,Yes,Yes,Match,Yes,Yes,Match,High,High,Match,W1,D1,Mismatch,Data Privacy,Data Privacy,Match,GDP-01,GDP-01,Match,3.1,3.1,Match,,,,Yes,Yes,Match,No,Covered,Traced,Verified,"due stage: GenAI 'D1', matrix 'W1' (GDP-01 §3.1)."
P-E010 v1,Priya Raman,HRE,R-GDP-01-003,GDP-01 §4.1,Yes,No,Mismatch,,,,,,,,,,,,,,,,,,,,,,,,,No,Missing,Traced,Requirement Missing,"The matrix expects R-GDP-01-003 (mandatory, GDP-01 §4.1); GenAI left it out."
P-E010 v1,Priya Raman,HRE,R-GDP-01-004,GDP-01 §4.2,Yes,No,Mismatch,,,,,,,,,,,,,,,,,,,,,,,,,No,Missing,Traced,Requirement Missing,"The matrix expects R-GDP-01-004 (mandatory, GDP-01 §4.2); GenAI left it out."
P-E010 v1,Priya Raman,HRE,R-GDP-01-005,GDP-01 §5.1,Yes,Yes,Match,Yes,Yes,Match,High,High,Match,W1,D1,Mismatch,Data Privacy,Data Privacy,Match,GDP-01,GDP-01,Match,5.1,5.1,Match,,,,Yes,Yes,Match,No,Covered,Traced,Verified,"due stage: GenAI 'D1', matrix 'W1' (GDP-01 §5.1)."
P-E010 v1,Priya Raman,HRE,R-GDP-01-006,GDP-01 §5.4,Yes,Yes,Match,Yes,Yes,Match,High,High,Match,W1,D1,Mismatch,Data Privacy,Data Privacy,Match,GDP-01,GDP-01,Match,5.4,5.4,Match,,,,Yes,Yes,Match,No,Covered,Traced,Verified,"due stage: GenAI 'D1', matrix 'W1' (GDP-01 §5.4)."
P-E010 v1,Priya Raman,HRE,R-GDP-01-007,GDP-01 §6.1,Yes,Yes,Match,Yes,Yes,Match,High,High,Match,W1,D1,Mismatch,HR Operations,HR Operations,Match,GDP-01,GDP-01,Match,6.1,6.1,Match,,,,Yes,Yes,Match,No,Covered,Traced,Verified,"due stage: GenAI 'D1', matrix 'W1' (GDP-01 §6.1)."
P-E010 v1,Priya Raman,HRE,R-GDP-01-008,GDP-01 §7.1,Yes,Yes,Match,Yes,Yes,Match,High,High,Match,W1,D1,Mismatch,Data Privacy,Data Privacy,Match,GDP-01,GDP-01,Match,7.1,7.1,Match,,,,Yes,Yes,Match,No,Covered,Traced,Verified,"due stage: GenAI 'D1', matrix 'W1' (GDP-01 §7.1)."
P-E010 v1,Priya Raman,HRE,R-GDP-01-009,GDP-01 §4.5,Yes,Yes,Match,Yes,Yes,Match,High,High,Match,W1,D1,Mismatch,Data Privacy,Data Privacy,Match,GDP-01,GDP-01,Match,4.5,4.5,Match,,,,Yes,Yes,Match,No,Covered,Traced,Verified,"due stage: GenAI 'D1', matrix 'W1' (GDP-01 §4.5)."
P-E010 v1,Priya Raman,HRE,R-HBK-01-001,HBK-01 §1.2,Yes,Yes,Match,Yes,Yes,Match,High,High,Match,D1,D1,Match,Company Orientation,Company Orientation,Match,HBK-01,HBK-01,Match,1.2,1.2,Match,,,,,,,Yes,Covered,Traced,Verified,GenAI and the matrix agree on every compared field.
P-E010 v1,Priya Raman,HRE,R-HBK-01-002,HBK-01 §2.1,Yes,Yes,Match,Yes,Yes,Match,High,High,Match,D1,D1,Match,Company Orientation,Company Orientation,Match,HBK-01,HBK-01,Match,2.1,2.1,Match,,,,,,,Yes,Covered,Traced,Verified,GenAI and the matrix agree on every compared field.
P-E010 v1,Priya Raman,HRE,R-HBK-01-003,HBK-01 §2.4,Yes,Yes,Match,Yes,Yes,Match,Medium,High,Mismatch,W2,D1,Mismatch,Company Orientation,Company Orientation,Match,HBK-01,HBK-01,Match,2.4,2.4,Match,,,,Yes,Yes,Match,No,Covered,Traced,Verified,"priority: GenAI 'High', matrix 'Medium'; due stage: GenAI 'D1', matrix 'W2' (HBK-01 §2.4)."
P-E010 v1,Priya Raman,HRE,R-HBK-01-004,HBK-01 §3.2,Yes,Yes,Match,No,No,Match,Low,Low,Match,D30,D30,Match,Company Orientation,Company Orientation,Match,HBK-01,HBK-01,Match,3.2,3.2,Match,,,,,,,Yes,Included,Traced,Verified,GenAI and the matrix agree on every compared field.
P-E010 v1,Priya Raman,HRE,R-HRP-01-001,HRP-01 §2.1,Yes,Yes,Match,Yes,Yes,Match,Medium,High,Mismatch,W1,D1,Mismatch,HR Essentials,HR Essentials,Match,HRP-01,HRP-01,Match,2.1,2.1,Match,,,,,,,No,Covered,Traced,Verified,"priority: GenAI 'High', matrix 'Medium'; due stage: GenAI 'D1', matrix 'W1' (HRP-01 §2.1)."
P-E010 v1,Priya Raman,HRE,R-HRP-01-002,HRP-01 §2.3,Yes,Yes,Match,Yes,Yes,Match,Medium,High,Mismatch,W1,D30,Mismatch,Front Office Operations,HR Essentials,Mismatch,HRP-01,HRP-01,Match,2.3,2.3,Match,,,,,,,No,Covered,Traced,Verified,"priority: GenAI 'High', matrix 'Medium'; due stage: GenAI 'D30', matrix 'W1'; module category: GenAI 'HR Essentials', matrix 'Front Office Operations' (HRP-01 §2.3)."
P-E010 v1,Priya Raman,HRE,R-HRP-01-003,HRP-01 §3.1,Yes,Yes,Match,Yes,Yes,Match,Medium,Medium,Match,W2,W1,Mismatch,HR Essentials,HR Operations,Mismatch,HRP-01,HRP-01,Match,3.1,3.1,Match,,,,Yes,Yes,Match,No,Covered,Traced,Verified,"due stage: GenAI 'W1', matrix 'W2'; module category: GenAI 'HR Operations', matrix 'HR Essentials' (HRP-01 §3.1)."
P-E010 v1,Priya Raman,HRE,R-HRP-01-005,HRP-01 §4.2,Yes,Yes,Match,Yes,Yes,Match,Medium,High,Mismatch,W2,D1,Mismatch,HR Essentials,HR Operations,Mismatch,HRP-01,HRP-01,Match,4.2,4.2,Match,,,,Yes,Yes,Match,No,Covered,Traced,Verified,"priority: GenAI 'High', matrix 'Medium'; due stage: GenAI 'D1', matrix 'W2'; module category: GenAI 'HR Operations', matrix 'HR Essentials' (HRP-01 §4.2)."
P-E010 v1,Priya Raman,HRE,R-HRP-01-006,HRP-01 §5.1,Yes,Yes,Match,Yes,Yes,Match,Medium,Medium,Match,W2,W1,Mismatch,HR Essentials,Workplace Conduct,Mismatch,HRP-01,HRP-01,Match,5.1,5.1,Match,,,,Yes,Yes,Match,No,Covered,Traced,Verified,"due stage: GenAI 'W1', matrix 'W2'; module category: GenAI 'Workplace Conduct', matrix 'HR Essentials' (HRP-01 §5.1)."
P-E010 v1,Priya Raman,HRE,R-HRP-01-007,HRP-01 §6.2,Yes,Yes,Match,No,No,Match,Low,Low,Match,D30,D90,Mismatch,HR Essentials,HR Essentials,Match,HRP-01,HRP-01,Match,6.2,6.2,Match,,,,,,,No,Included,Traced,Verified,"due stage: GenAI 'D90', matrix 'D30' (HRP-01 §6.2)."
P-E010 v1,Priya Raman,HRE,R-HRS-01-001,HRS-01 §2.1,Yes,No,Mismatch,,,,,,,,,,,,,,,,,,,,,,,,,No,Missing,Traced,Requirement Missing,"The matrix expects R-HRS-01-001 (mandatory, HRS-01 §2.1); GenAI left it out."
P-E010 v1,Priya Raman,HRE,R-HRS-01-002,HRS-01 §2.3,Yes,Yes,Match,Yes,Yes,Match,Medium,High,Mismatch,W2,D1,Mismatch,HR Operations,HR Operations,Match,HRS-01,HRS-01,Match,2.3,2.3,Match,,,,Yes,Yes,Match,No,Covered,Traced,Verified,"priority: GenAI 'High', matrix 'Medium'; due stage: GenAI 'D1', matrix 'W2' (HRS-01 §2.3)."
P-E010 v1,Priya Raman,HRE,R-HRS-01-003,HRS-01 §3.1,Yes,Yes,Match,Yes,Yes,Match,High,High,Match,D1,D1,Match,Workplace Conduct,HR Operations,Mismatch,HRS-01,HRS-01,Match,3.1,3.1,Match,,,,,,,No,Covered,Traced,Verified,"module category: GenAI 'HR Operations', matrix 'Workplace Conduct' (HRS-01 §3.1)."
P-E010 v1,Priya Raman,HRE,R-HRS-01-004,HRS-01 §4.2,Yes,Yes,Match,Yes,Yes,Match,Medium,High,Mismatch,W2,W1,Mismatch,HR Operations,Data Privacy,Mismatch,HRS-01,HRS-01,Match,4.2,4.2,Match,,,,Yes,Yes,Match,No,Covered,Traced,Verified,"priority: GenAI 'High', matrix 'Medium'; due stage: GenAI 'W1', matrix 'W2'; module category: GenAI 'Data Privacy', matrix 'HR Operations' (HRS-01 §4.2)."
P-E010 v1,Priya Raman,HRE,R-HRS-01-005,HRS-01 §5.1,Yes,Yes,Match,Yes,Yes,Match,Medium,High,Mismatch,W2,W2,Match,HR Operations,HR Operations,Match,HRS-01,HRS-01,Match,5.1,5.1,Match,Yes,Yes,Match,Yes,Yes,Match,No,Covered,Traced,Verified,"priority: GenAI 'High', matrix 'Medium' (HRS-01 §5.1)."
P-E010 v1,Priya Raman,HRE,R-HRS-01-006,HRS-01 §6.1,Yes,Yes,Match,Yes,Yes,Match,Medium,Medium,Match,W2,W2,Match,HR Operations,HR Operations,Match,HRS-01,HRS-01,Match,6.1,6.1,Match,,,,Yes,Yes,Match,Yes,Covered,Traced,Verified,GenAI and the matrix agree on every compared field.
P-E010 v1,Priya Raman,HRE,R-HSP-01-002,HSP-01 §3.1,Yes,No,Mismatch,,,,,,,,,,,,,,,,,,,,,,,,,No,Missing,Traced,Requirement Missing,"The matrix expects R-HSP-01-002 (mandatory, HSP-01 §3.1); GenAI left it out."
P-E010 v1,Priya Raman,HRE,R-HSP-01-003,HSP-01 §3.3,Yes,No,Mismatch,,,,,,,,,,,,,,,,,,,,,,,,,No,Missing,Traced,Requirement Missing,"The matrix expects R-HSP-01-003 (mandatory, HSP-01 §3.3); GenAI left it out."
P-E010 v1,Priya Raman,HRE,R-HSP-01-004,HSP-01 §4.1,Yes,No,Mismatch,,,,,,,,,,,,,,,,,,,,,,,,,No,Missing,Traced,Requirement Missing,"The matrix expects R-HSP-01-004 (mandatory, HSP-01 §4.1); GenAI left it out."
P-E010 v1,Priya Raman,HRE,R-HSP-01-005,HSP-01 §5.2,Yes,No,Mismatch,,,,,,,,,,,,,,,,,,,,,,,,,No,Missing,Traced,Requirement Missing,"The matrix expects R-HSP-01-005 (mandatory, HSP-01 §5.2); GenAI left it out."
P-E010 v1,Priya Raman,HRE,R-HSP-01-007,HSP-01 §5.5,Yes,No,Mismatch,,,,,,,,,,,,,,,,,,,,,,,,,No,Missing,Traced,Requirement Missing,"The matrix expects R-HSP-01-007 (mandatory, HSP-01 §5.5); GenAI left it out."
P-E010 v1,Priya Raman,HRE,R-ISP-01-001,ISP-01 §2.1,Yes,Yes,Match,Yes,Yes,Match,High,High,Match,W1,D1,Mismatch,Information Security,Information Security,Match,ISP-01,ISP-01,Match,2.1,2.1,Match,,,,,,,No,Covered,Traced,Verified with Warning,"due stage: GenAI 'D1', matrix 'W1' (ISP-01 §2.1)."
P-E010 v1,Priya Raman,HRE,R-ISP-01-002,ISP-01 §3.1,Yes,Yes,Match,Yes,Yes,Match,High,High,Match,W1,D1,Mismatch,Information Security,Information Security,Match,ISP-01,ISP-01,Match,3.1,3.1,Match,,,,Yes,Yes,Match,No,Covered,Traced,Verified,"due stage: GenAI 'D1', matrix 'W1' (ISP-01 §3.1)."
P-E010 v1,Priya Raman,HRE,R-ISP-01-003,ISP-01 §3.3,Yes,Yes,Match,Yes,Yes,Match,High,High,Match,W1,D1,Mismatch,Information Security,Information Security,Match,ISP-01,ISP-01,Match,3.3,3.3,Match,,,,,,,No,Covered,Traced,Verified with Warning,"due stage: GenAI 'D1', matrix 'W1' (ISP-01 §3.3)."
P-E010 v1,Priya Raman,HRE,R-ISP-01-004,ISP-01 §3.5,Yes,Yes,Match,Yes,Yes,Match,High,High,Match,W1,D1,Mismatch,Information Security,Information Security,Match,ISP-01,ISP-01,Match,3.5,3.5,Match,,,,Yes,Yes,Match,No,Covered,Traced,Verified,"due stage: GenAI 'D1', matrix 'W1' (ISP-01 §3.5)."
P-E010 v1,Priya Raman,HRE,R-ISP-01-005,ISP-01 §4.2,Yes,Yes,Match,Yes,Yes,Match,High,High,Match,W1,D1,Mismatch,Information Security,Information Security,Match,ISP-01,ISP-01,Match,4.2,4.2,Match,,,,Yes,Yes,Match,No,Covered,Traced,Verified,"due stage: GenAI 'D1', matrix 'W1' (ISP-01 §4.2)."
P-E010 v1,Priya Raman,HRE,R-ISP-01-006,ISP-01 §5.1,Yes,Yes,Match,Yes,Yes,Match,High,High,Match,W1,D1,Mismatch,Information Security,Information Security,Match,ISP-01,ISP-01,Match,5.1,5.1,Match,,,,Yes,Yes,Match,No,Covered,Traced,Verified,"due stage: GenAI 'D1', matrix 'W1' (ISP-01 §5.1)."
P-E010 v1,Priya Raman,HRE,R-ISP-01-007,ISP-01 §6.2,Yes,Yes,Match,Yes,Yes,Match,High,High,Match,W1,D1,Mismatch,Information Security,Data Privacy,Mismatch,ISP-01,ISP-01,Match,6.2,6.2,Match,,,,Yes,Yes,Match,No,Covered,Traced,Verified,"due stage: GenAI 'D1', matrix 'W1'; module category: GenAI 'Data Privacy', matrix 'Information Security' (ISP-01 §6.2)."
P-E010 v1,Priya Raman,HRE,R-ISP-01-008,ISP-01 §7.1,Yes,Yes,Match,Yes,Yes,Match,High,High,Match,W1,D1,Mismatch,Incident Management,Incident Management,Match,ISP-01,ISP-01,Match,7.1,7.1,Match,,,,Yes,Yes,Match,No,Covered,Traced,Verified,"due stage: GenAI 'D1', matrix 'W1' (ISP-01 §7.1)."
P-E010 v1,Priya Raman,HRE,R-ITA-01-001,ITA-01 §2.1,Yes,Yes,Match,Yes,Yes,Match,High,High,Match,W1,D1,Mismatch,Information Security,Information Security,Match,ITA-01,ITA-01,Match,2.1,2.1,Match,,,,Yes,Yes,Match,No,Covered,Traced,Verified,"due stage: GenAI 'D1', matrix 'W1' (ITA-01 §2.1)."
P-E010 v1,Priya Raman,HRE,R-ITA-01-002,ITA-01 §2.3,Yes,Yes,Match,Yes,Yes,Match,Medium,High,Mismatch,W2,W1,Mismatch,IT & Systems,Information Security,Mismatch,ITA-01,ITA-01,Match,2.3,2.3,Match,,,,Yes,Yes,Match,No,Covered,Traced,Verified,"priority: GenAI 'High', matrix 'Medium'; due stage: GenAI 'W1', matrix 'W2'; module category: GenAI 'Information Security', matrix 'IT & Systems' (ITA-01 §2.3)."
P-E010 v1,Priya Raman,HRE,R-ITA-01-004,ITA-01 §3.4,Yes,Yes,Match,Yes,Yes,Match,Medium,Medium,Match,W2,W1,Mismatch,IT & Systems,Information Security,Mismatch,ITA-01,ITA-01,Match,3.4,3.4,Match,,,,Yes,Yes,Match,No,Covered,Traced,Verified,"due stage: GenAI 'W1', matrix 'W2'; module category: GenAI 'Information Security', matrix 'IT & Systems' (ITA-01 §3.4)."
P-E010 v1,Priya Raman,HRE,R-ITA-01-005,ITA-01 §4.1,Yes,Yes,Match,Yes,Yes,Match,Medium,High,Mismatch,W2,W1,Mismatch,IT & Systems,Workplace Conduct,Mismatch,ITA-01,ITA-01,Match,4.1,4.1,Match,,,,Yes,Yes,Match,No,Covered,Traced,Verified,"priority: GenAI 'High', matrix 'Medium'; due stage: GenAI 'W1', matrix 'W2'; module category: GenAI 'Workplace Conduct', matrix 'IT & Systems' (ITA-01 §4.1)."
P-E010 v1,Priya Raman,HRE,R-ITA-01-006,ITA-01 §5.2,Yes,Yes,Match,No,No,Match,Low,Low,Match,D30,W2,Mismatch,IT & Systems,IT & Systems,Match,ITA-01,ITA-01,Match,5.2,5.2,Match,,,,,,,No,Included,Traced,Verified,"due stage: GenAI 'W2', matrix 'D30' (ITA-01 §5.2)."
P-E010 v1,Priya Raman,HRE,R-LVP-01-001,LVP-01 §2.1,Yes,Yes,Match,Yes,Yes,Match,Medium,Medium,Match,W2,W1,Mismatch,HR Essentials,HR Operations,Mismatch,LVP-01,LVP-01,Match,2.1,2.1,Match,,,,Yes,Yes,Match,No,Covered,Traced,Verified,"due stage: GenAI 'W1', matrix 'W2'; module category: GenAI 'HR Operations', matrix 'HR Essentials' (LVP-01 §2.1)."
P-E010 v1,Priya Raman,HRE,R-LVP-01-002,LVP-01 §2.4,Yes,Yes,Match,Yes,Yes,Match,Medium,Low,Mismatch,W2,W2,Match,HR Essentials,HR Operations,Mismatch,LVP-01,LVP-01,Match,2.4,2.4,Match,,,,Yes,Yes,Match,No,Covered,Traced,Verified,"priority: GenAI 'Low', matrix 'Medium'; module category: GenAI 'HR Operations', matrix 'HR Essentials' (LVP-01 §2.4)."
P-E010 v1,Priya Raman,HRE,R-LVP-01-003,LVP-01 §3.1,Yes,Yes,Match,Yes,Yes,Match,High,Medium,Mismatch,D1,W1,Mismatch,HR Essentials,HR Operations,Mismatch,LVP-01,LVP-01,Match,3.1,3.1,Match,,,,Yes,Yes,Match,No,Covered,Traced,Verified with Warning,"priority: GenAI 'Medium', matrix 'High'; due stage: GenAI 'W1', matrix 'D1'; module category: GenAI 'HR Operations', matrix 'HR Essentials' (LVP-01 §3.1)."
P-E010 v1,Priya Raman,HRE,R-LVP-01-004,LVP-01 §3.3,Yes,Yes,Match,Yes,Yes,Match,Medium,Medium,Match,W2,W1,Mismatch,HR Essentials,HR Operations,Mismatch,LVP-01,LVP-01,Match,3.3,3.4,Mismatch,,,,Yes,Yes,Match,No,Covered,Traced,Verified with Warning,"due stage: GenAI 'W1', matrix 'W2'; module category: GenAI 'HR Operations', matrix 'HR Essentials'; source section: GenAI '3.4', matrix '3.3' (LVP-01 §3.3)."
P-E010 v1,Priya Raman,HRE,R-LVP-01-005,LVP-01 §4.2,Yes,Yes,Match,Yes,Yes,Match,Medium,Medium,Match,W2,W1,Mismatch,HR Essentials,HR Operations,Mismatch,LVP-01,LVP-01,Match,4.2,4.2,Match,,,,Yes,Yes,Match,No,Covered,Traced,Verified,"due stage: GenAI 'W1', matrix 'W2'; module category: GenAI 'HR Operations', matrix 'HR Essentials' (LVP-01 §4.2)."
P-E010 v1,Priya Raman,HRE,R-MEM-01-002,MEM-01 §para 4,Yes,Yes,Match,No,Yes,Mismatch,Low,Medium,Mismatch,D30,W1,Mismatch,Workplace Conduct,Workplace Conduct,Match,MEM-01,MEM-01,Match,para 4,para 4,Match,,,,,,,No,Included,Traced,Partially Verified,"mandatory status: GenAI True, matrix False; priority: GenAI 'Medium', matrix 'Low'; due stage: GenAI 'W1', matrix 'D30' (MEM-01 §para 4)."
P-E010 v1,Priya Raman,HRE,R-ROL-03-005,ROL-03 §3.4,Yes,Yes,Match,Yes,Yes,Match,Medium,High,Mismatch,W1,D1,Mismatch,HR Operations,HR Operations,Match,ROL-03,ROL-03,Match,3.4,3.4,Match,,,,,,,No,Covered,Traced,Verified,"priority: GenAI 'High', matrix 'Medium'; due stage: GenAI 'D1', matrix 'W1' (ROL-03 §3.4)."
P-E006 v1,Yusuf Al-Balushi,MTT,R-CMP-01-001,CMP-01 §2.1,Yes,Yes,Match,Yes,Yes,Match,High,High,Match,D1,D1,Match,Fire & Life Safety,Fire & Life Safety,Match,CMP-01,CMP-01,Match,2.1,2.1,Match,,,,Yes,Yes,Match,Yes,Covered,Traced,Verified,GenAI and the matrix agree on every compared field.
P-E006 v1,Yusuf Al-Balushi,MTT,R-CMP-01-002,CMP-01 §2.2,Yes,No,Mismatch,,,,,,,,,,,,,,,,,,,,,,,,,No,Missing,Traced,Requirement Missing,"The matrix expects R-CMP-01-002 (mandatory, CMP-01 §2.2); GenAI left it out."
P-E006 v1,Yusuf Al-Balushi,MTT,R-CMP-01-003,CMP-01 §2.3,Yes,Yes,Match,Yes,Yes,Match,High,High,Match,W1,W1,Match,General,Information Security,Mismatch,CMP-01,CMP-01,Match,2.3,2.3,Match,,,,,,,No,Covered,Traced,Verified,"module category: GenAI 'Information Security', matrix 'General' (CMP-01 §2.3)."
P-E006 v1,Yusuf Al-Balushi,MTT,R-CMP-01-004,CMP-01 §3.1,Yes,Yes,Match,Yes,Yes,Match,Medium,High,Mismatch,D30,D30,Match,Company Orientation,HR Essentials,Mismatch,CMP-01,CMP-01,Match,3.1,3.1,Match,,,,Yes,Yes,Match,No,Covered,Traced,Verified,"priority: GenAI 'High', matrix 'Medium'; module category: GenAI 'HR Essentials', matrix 'Company Orientation' (CMP-01 §3.1)."
P-E006 v1,Yusuf Al-Balushi,MTT,R-CMP-01-005,CMP-01 §3.3,Yes,Yes,Match,Yes,Yes,Match,Medium,Medium,Match,W2,D30,Mismatch,Company Orientation,HR Operations,Mismatch,CMP-01,CMP-01,Match,3.3,3.3,Match,,,,Yes,Yes,Match,No,Covered,Traced,Verified,"due stage: GenAI 'D30', matrix 'W2'; module category: GenAI 'HR Operations', matrix 'Company Orientation' (CMP-01 §3.3)."
P-E006 v1,Yusuf Al-Balushi,MTT,R-CMP-01-006,CMP-01 §4.1,Yes,No,Mismatch,,,,,,,,,,,,,,,,,,,,,,,,,No,Missing,Traced,Requirement Missing,"The matrix expects R-CMP-01-006 (mandatory, CMP-01 §4.1); GenAI left it out."
P-E006 v1,Yusuf Al-Balushi,MTT,R-COC-01-001,COC-01 §1.3,Yes,Yes,Match,Yes,Yes,Match,High,High,Match,D1,D1,Match,Workplace Conduct,Workplace Conduct,Match,COC-01,COC-01,Match,1.3,1.3,Match,,,,,,,Yes,Covered,Traced,Verified,GenAI and the matrix agree on every compared field.
P-E006 v1,Yusuf Al-Balushi,MTT,R-COC-01-002,COC-01 §2.1,Yes,Yes,Match,Yes,Yes,Match,High,High,Match,W1,D1,Mismatch,Workplace Conduct,Workplace Conduct,Match,COC-01,COC-01,Match,2.1,2.1,Match,,,,Yes,Yes,Match,No,Covered,Traced,Verified,"due stage: GenAI 'D1', matrix 'W1' (COC-01 §2.1)."
P-E006 v1,Yusuf Al-Balushi,MTT,R-COC-01-003,COC-01 §3.2,Yes,Yes,Match,Yes,Yes,Match,Medium,Low,Mismatch,W2,W1,Mismatch,Workplace Conduct,Workplace Conduct,Match,COC-01,COC-01,Match,3.2,3.2,Match,,,,Yes,Yes,Match,No,Covered,Traced,Verified,"priority: GenAI 'Low', matrix 'Medium'; due stage: GenAI 'W1', matrix 'W2' (COC-01 §3.2)."
P-E006 v1,Yusuf Al-Balushi,MTT,R-COC-01-004,COC-01 §4.1,Yes,No,Mismatch,,,,,,,,,,,,,,,,,,,,,,,,,No,Missing,Traced,Requirement Missing,"The matrix expects R-COC-01-004 (mandatory, COC-01 §4.1); GenAI left it out."
P-E006 v1,Yusuf Al-Balushi,MTT,R-COC-01-005,COC-01 §4.4,Yes,Yes,Match,Yes,Yes,Match,High,High,Match,W1,D1,Mismatch,Health & Safety,Engineering Safety,Mismatch,COC-01,COC-01,Match,4.4,4.4,Match,,,,Yes,Yes,Match,No,Covered,Traced,Verified,"due stage: GenAI 'D1', matrix 'W1'; module category: GenAI 'Engineering Safety', matrix 'Health & Safety' (COC-01 §4.4)."
P-E006 v1,Yusuf Al-Balushi,MTT,R-COC-01-006,COC-01 §5.1,Yes,Yes,Match,Yes,Yes,Match,High,High,Match,W1,D1,Mismatch,Incident Management,Information Security,Mismatch,COC-01,COC-01,Match,5.1,5.1,Match,,,,Yes,Yes,Match,No,Covered,Traced,Verified,"due stage: GenAI 'D1', matrix 'W1'; module category: GenAI 'Information Security', matrix 'Incident Management' (COC-01 §5.1)."
P-E006 v1,Yusuf Al-Balushi,MTT,R-COC-01-007,COC-01 §6.3,Yes,Yes,Match,Yes,Yes,Match,Medium,Medium,Match,W2,W1,Mismatch,Workplace Conduct,HR Operations,Mismatch,COC-01,COC-01,Match,6.3,6.3,Match,,,,Yes,Yes,Match,No,Covered,Traced,Verified,"due stage: GenAI 'W1', matrix 'W2'; module category: GenAI 'HR Operations', matrix 'Workplace Conduct' (COC-01 §6.3)."
P-E006 v1,Yusuf Al-Balushi,MTT,R-ESC-01-001,ESC-01 §2.1,Yes,Yes,Match,Yes,Yes,Match,High,High,Match,W1,D1,Mismatch,Health & Safety,Incident Management,Mismatch,ESC-01,ESC-01,Match,2.1,2.1,Match,,,,Yes,Yes,Match,No,Covered,Traced,Verified with Warning,"due stage: GenAI 'D1', matrix 'W1'; module category: GenAI 'Incident Management', matrix 'Health & Safety' (ESC-01 §2.1)."
P-E006 v1,Yusuf Al-Balushi,MTT,R-ESC-01-005,ESC-01 §4.1,Yes,Yes,Match,Yes,Yes,Match,High,High,Match,W1,D1,Mismatch,Incident Management,Guest Service Recovery,Mismatch,ESC-01,ESC-01,Match,4.1,4.1,Match,,,,Yes,Yes,Match,No,Covered,Traced,Verified,"due stage: GenAI 'D1', matrix 'W1'; module category: GenAI 'Guest Service Recovery', matrix 'Incident Management' (ESC-01 §4.1)."
P-E006 v1,Yusuf Al-Balushi,MTT,R-FAQ-01-002,FAQ-01 §Q7,Yes,Yes,Match,Yes,Yes,Match,Medium,Medium,Match,W2,D1,Mismatch,Workplace Conduct,HR Essentials,Mismatch,FAQ-01,FAQ-01,Match,Q7,Q7,Match,,,,Yes,Yes,Match,No,Covered,Traced,Verified,"due stage: GenAI 'D1', matrix 'W2'; module category: GenAI 'HR Essentials', matrix 'Workplace Conduct' (FAQ-01 §Q7)."
P-E006 v1,Yusuf Al-Balushi,MTT,R-FAQ-01-004,FAQ-01 §Q15,Yes,Yes,Match,No,No,Match,Low,Low,Match,D30,W1,Mismatch,General,Company Orientation,Mismatch,FAQ-01,FAQ-01,Match,Q15,Q15,Match,,,,,,,No,Included,Traced,Verified,"due stage: GenAI 'W1', matrix 'D30'; module category: GenAI 'Company Orientation', matrix 'General' (FAQ-01 §Q15)."
P-E006 v1,Yusuf Al-Balushi,MTT,R-FIN-01-001,FIN-01 §2.1,Yes,No,Mismatch,,,,,,,,,,,,,,,,,,,,,,,,,No,Missing,Traced,Requirement Missing,"The matrix expects R-FIN-01-001 (mandatory, FIN-01 §2.1); GenAI left it out."
P-E006 v1,Yusuf Al-Balushi,MTT,R-FIN-01-002,FIN-01 §2.4,Yes,Yes,Match,Yes,Yes,Match,Medium,Medium,Match,W2,W2,Match,Finance Operations,Finance Operations,Match,FIN-01,FIN-01,Match,2.4,2.4,Match,,,,Yes,Yes,Match,Yes,Covered,Traced,Verified,GenAI and the matrix agree on every compared field.
P-E006 v1,Yusuf Al-Balushi,MTT,R-FIN-01-003,FIN-01 §3.1,Yes,No,Mismatch,,,,,,,,,,,,,,,,,,,,,,,,,No,Missing,Traced,Requirement Missing,"The matrix expects R-FIN-01-003 (mandatory, FIN-01 §3.1); GenAI left it out."
P-E006 v1,Yusuf Al-Balushi,MTT,R-FIN-01-004,FIN-01 §4.2,Yes,No,Mismatch,,,,,,,,,,,,,,,,,,,,,,,,,No,Missing,Traced,Requirement Missing,"The matrix expects R-FIN-01-004 (mandatory, FIN-01 §4.2); GenAI left it out."
P-E006 v1,Yusuf Al-Balushi,MTT,R-FIN-01-005,FIN-01 §5.2,Yes,No,Mismatch,,,,,,,,,,,,,,,,,,,,,,,,,No,Missing,Traced,Requirement Missing,"The matrix expects R-FIN-01-005 (mandatory, FIN-01 §5.2); GenAI left it out."
P-E006 v1,Yusuf Al-Balushi,MTT,R-FLS-01-001,FLS-01 §1.2,Yes,Yes,Match,Yes,Yes,Match,High,High,Match,D1,D1,Match,Fire & Life Safety,Fire & Life Safety,Match,FLS-01,FLS-01,Match,1.2,1.2,Match,,,,,,,Yes,Covered,Traced,Verified,GenAI and the matrix agree on every compared field.
P-E006 v1,Yusuf Al-Balushi,MTT,R-FLS-01-002,FLS-01 §1.3,Yes,Yes,Match,Yes,Yes,Match,High,High,Match,W1,D1,Mismatch,Fire & Life Safety,Fire & Life Safety,Match,FLS-01,FLS-01,Match,1.3,1.3,Match,,,,Yes,Yes,Match,No,Covered,Traced,Verified,"due stage: GenAI 'D1', matrix 'W1' (FLS-01 §1.3)."
P-E006 v1,Yusuf Al-Balushi,MTT,R-FLS-01-003,FLS-01 §2.1,Yes,Yes,Match,Yes,Yes,Match,High,High,Match,W1,D1,Mismatch,Fire & Life Safety,Fire & Life Safety,Match,FLS-01,FLS-01,Match,2.1,2.1,Match,,,,Yes,Yes,Match,No,Covered,Traced,Verified,"due stage: GenAI 'D1', matrix 'W1' (FLS-01 §2.1)."
P-E006 v1,Yusuf Al-Balushi,MTT,R-FLS-01-004,FLS-01 §3.1,Yes,Yes,Match,Yes,Yes,Match,High,Medium,Mismatch,D90,D30,Mismatch,Fire & Life Safety,Fire & Life Safety,Match,FLS-01,FLS-01,Match,3.1,3.1,Match,,,,,,,No,Covered,Traced,Verified with Warning,"priority: GenAI 'Medium', matrix 'High'; due stage: GenAI 'D30', matrix 'D90' (FLS-01 §3.1)."
P-E006 v1,Yusuf Al-Balushi,MTT,R-FLS-01-005,FLS-01 §3.4,Yes,Yes,Match,Yes,Yes,Match,High,High,Match,W2,W1,Mismatch,Fire & Life Safety,Engineering Safety,Mismatch,FLS-01,FLS-01,Match,3.4,3.4,Match,Yes,No,Mismatch,Yes,Yes,Match,No,Covered,Traced,Verified,"due stage: GenAI 'W1', matrix 'W2'; module category: GenAI 'Engineering Safety', matrix 'Fire & Life Safety'; practical task: GenAI False, matrix True (FLS-01 §3.4)."
P-E006 v1,Yusuf Al-Balushi,MTT,R-GDP-01-001,GDP-01 §2.1,Yes,No,Mismatch,,,,,,,,,,,,,,,,,,,,,,,,,No,Missing,Traced,Requirement Missing,"The matrix expects R-GDP-01-001 (mandatory, GDP-01 §2.1); GenAI left it out."
P-E006 v1,Yusuf Al-Balushi,MTT,R-GDP-01-002,GDP-01 §3.1,Yes,Yes,Match,Yes,Yes,Match,High,Medium,Mismatch,W1,D1,Mismatch,Data Privacy,Data Privacy,Match,GDP-01,GDP-01,Match,3.1,3.1,Match,,,,Yes,Yes,Match,No,Covered,Traced,Verified,"priority: GenAI 'Medium', matrix 'High'; due stage: GenAI 'D1', matrix 'W1' (GDP-01 §3.1)."
P-E006 v1,Yusuf Al-Balushi,MTT,R-GDP-01-003,GDP-01 §4.1,Yes,No,Mismatch,,,,,,,,,,,,,,,,,,,,,,,,,No,Missing,Traced,Requirement Missing,"The matrix expects R-GDP-01-003 (mandatory, GDP-01 §4.1); GenAI left it out."
P-E006 v1,Yusuf Al-Balushi,MTT,R-GDP-01-004,GDP-01 §4.2,Yes,No,Mismatch,,,,,,,,,,,,,,,,,,,,,,,,,No,Missing,Traced,Requirement Missing,"The matrix expects R-GDP-01-004 (mandatory, GDP-01 §4.2); GenAI left it out."
P-E006 v1,Yusuf Al-Balushi,MTT,R-GDP-01-005,GDP-01 §5.1,Yes,Yes,Match,Yes,Yes,Match,High,Medium,Mismatch,W1,D1,Mismatch,Data Privacy,Data Privacy,Match,GDP-01,GDP-01,Match,5.1,5.1,Match,,,,Yes,Yes,Match,No,Covered,Traced,Verified,"priority: GenAI 'Medium', matrix 'High'; due stage: GenAI 'D1', matrix 'W1' (GDP-01 §5.1)."
P-E006 v1,Yusuf Al-Balushi,MTT,R-GDP-01-007,GDP-01 §6.1,Yes,Yes,Match,Yes,Yes,Match,High,Low,Mismatch,W1,W1,Match,HR Operations,Data Privacy,Mismatch,GDP-01,GDP-01,Match,6.1,6.1,Match,,,,Yes,Yes,Match,No,Covered,Traced,Verified,"priority: GenAI 'Low', matrix 'High'; module category: GenAI 'Data Privacy', matrix 'HR Operations' (GDP-01 §6.1)."
P-E006 v1,Yusuf Al-Balushi,MTT,R-GDP-01-008,GDP-01 §7.1,Yes,Yes,Match,Yes,Yes,Match,High,High,Match,W1,D1,Mismatch,Data Privacy,Data Privacy,Match,GDP-01,GDP-01,Match,7.1,7.1,Match,,,,Yes,Yes,Match,No,Covered,Traced,Verified,"due stage: GenAI 'D1', matrix 'W1' (GDP-01 §7.1)."
P-E006 v1,Yusuf Al-Balushi,MTT,R-GDP-01-009,GDP-01 §4.5,Yes,Yes,Match,Yes,Yes,Match,High,High,Match,W1,D1,Mismatch,Data Privacy,Data Privacy,Match,GDP-01,GDP-01,Match,4.5,4.5,Match,,,,Yes,Yes,Match,No,Covered,Traced,Verified,"due stage: GenAI 'D1', matrix 'W1' (GDP-01 §4.5)."
P-E006 v1,Yusuf Al-Balushi,MTT,R-HBK-01-001,HBK-01 §1.2,Yes,Yes,Match,Yes,Yes,Match,High,High,Match,D1,D1,Match,Company Orientation,HR Essentials,Mismatch,HBK-01,HBK-01,Match,1.2,1.2,Match,,,,,,,No,Covered,Traced,Verified,"module category: GenAI 'HR Essentials', matrix 'Company Orientation' (HBK-01 §1.2)."
P-E006 v1,Yusuf Al-Balushi,MTT,R-HBK-01-002,HBK-01 §2.1,Yes,Yes,Match,Yes,Yes,Match,High,High,Match,D1,D1,Match,Company Orientation,HR Essentials,Mismatch,HBK-01,HBK-01,Match,2.1,2.1,Match,,,,,,,No,Covered,Traced,Verified,"module category: GenAI 'HR Essentials', matrix 'Company Orientation' (HBK-01 §2.1)."
P-E006 v1,Yusuf Al-Balushi,MTT,R-HBK-01-003,HBK-01 §2.4,Yes,Yes,Match,Yes,Yes,Match,Medium,High,Mismatch,W2,D1,Mismatch,Company Orientation,HR Essentials,Mismatch,HBK-01,HBK-01,Match,2.4,2.4,Match,,,,Yes,Yes,Match,No,Covered,Traced,Verified,"priority: GenAI 'High', matrix 'Medium'; due stage: GenAI 'D1', matrix 'W2'; module category: GenAI 'HR Essentials', matrix 'Company Orientation' (HBK-01 §2.4)."
P-E006 v1,Yusuf Al-Balushi,MTT,R-HBK-01-004,HBK-01 §3.2,Yes,Yes,Match,No,No,Match,Low,Low,Match,D30,D30,Match,Company Orientation,Company Orientation,Match,HBK-01,HBK-01,Match,3.2,3.2,Match,,,,,,,Yes,Included,Traced,Verified,GenAI and the matrix agree on every compared field.
P-E006 v1,Yusuf Al-Balushi,MTT,R-HRP-01-001,HRP-01 §2.1,Yes,Yes,Match,Yes,Yes,Match,Medium,High,Mismatch,W1,D1,Mismatch,HR Essentials,HR Essentials,Match,HRP-01,HRP-01,Match,2.1,2.1,Match,,,,,,,No,Covered,Traced,Verified with Warning,"priority: GenAI 'High', matrix 'Medium'; due stage: GenAI 'D1', matrix 'W1' (HRP-01 §2.1)."
P-E006 v1,Yusuf Al-Balushi,MTT,R-HRP-01-002,HRP-01 §2.3,Yes,Yes,Match,Yes,Yes,Match,Medium,Medium,Match,W1,D30,Mismatch,Front Office Operations,HR Essentials,Mismatch,HRP-01,HRP-01,Match,2.3,2.3,Match,,,,,,,No,Covered,Traced,Verified,"due stage: GenAI 'D30', matrix 'W1'; module category: GenAI 'HR Essentials', matrix 'Front Office Operations' (HRP-01 §2.3)."
P-E006 v1,Yusuf Al-Balushi,MTT,R-HRP-01-003,HRP-01 §3.1,Yes,Yes,Match,Yes,Yes,Match,Medium,High,Mismatch,W2,D1,Mismatch,HR Essentials,HR Operations,Mismatch,HRP-01,HRP-01,Match,3.1,3.1,Match,,,,Yes,Yes,Match,No,Covered,Traced,Verified,"priority: GenAI 'High', matrix 'Medium'; due stage: GenAI 'D1', matrix 'W2'; module category: GenAI 'HR Operations', matrix 'HR Essentials' (HRP-01 §3.1)."
P-E006 v1,Yusuf Al-Balushi,MTT,R-HRP-01-005,HRP-01 §4.2,Yes,Yes,Match,Yes,Yes,Match,Medium,High,Mismatch,W2,D1,Mismatch,HR Essentials,HR Operations,Mismatch,HRP-01,HRP-01,Match,4.2,4.2,Match,,,,Yes,Yes,Match,No,Covered,Traced,Verified,"priority: GenAI 'High', matrix 'Medium'; due stage: GenAI 'D1', matrix 'W2'; module category: GenAI 'HR Operations', matrix 'HR Essentials' (HRP-01 §4.2)."
P-E006 v1,Yusuf Al-Balushi,MTT,R-HRP-01-006,HRP-01 §5.1,Yes,Yes,Match,Yes,Yes,Match,Medium,Medium,Match,W2,W1,Mismatch,HR Essentials,Workplace Conduct,Mismatch,HRP-01,HRP-01,Match,5.1,5.1,Match,,,,Yes,Yes,Match,No,Covered,Traced,Verified,"due stage: GenAI 'W1', matrix 'W2'; module category: GenAI 'Workplace Conduct', matrix 'HR Essentials' (HRP-01 §5.1)."
P-E006 v1,Yusuf Al-Balushi,MTT,R-HRP-01-007,HRP-01 §6.2,Yes,No,Mismatch,,,,,,,,,,,,,,,,,,,,,,,,,No,Not included,Traced,Verified,"The matrix expects R-HRP-01-007 (optional, HRP-01 §6.2); GenAI left it out."
P-E006 v1,Yusuf Al-Balushi,MTT,R-HSP-01-002,HSP-01 §3.1,Yes,Yes,Match,Yes,Yes,Match,High,High,Match,W1,D1,Mismatch,Health & Safety,Engineering Safety,Mismatch,HSP-01,HSP-01,Match,3.1,3.1,Match,,,,Yes,Yes,Match,No,Covered,Traced,Verified,"due stage: GenAI 'D1', matrix 'W1'; module category: GenAI 'Engineering Safety', matrix 'Health & Safety' (HSP-01 §3.1)."
P-E006 v1,Yusuf Al-Balushi,MTT,R-HSP-01-003,HSP-01 §3.3,Yes,Yes,Match,Yes,Yes,Match,High,High,Match,W1,D1,Mismatch,Health & Safety,Engineering Safety,Mismatch,HSP-01,HSP-01,Match,3.3,3.3,Match,,,,,,,No,Covered,Traced,Verified,"due stage: GenAI 'D1', matrix 'W1'; module category: GenAI 'Engineering Safety', matrix 'Health & Safety' (HSP-01 §3.3)."
P-E006 v1,Yusuf Al-Balushi,MTT,R-HSP-01-004,HSP-01 §4.1,Yes,Yes,Match,Yes,Yes,Match,High,High,Match,W1,D1,Mismatch,Health & Safety,Health & Safety,Match,HSP-01,HSP-01,Match,4.1,4.1,Match,,,,Yes,Yes,Match,No,Covered,Traced,Verified,"due stage: GenAI 'D1', matrix 'W1' (HSP-01 §4.1)."
P-E006 v1,Yusuf Al-Balushi,MTT,R-HSP-01-005,HSP-01 §5.2,Yes,Yes,Match,Yes,Yes,Match,High,High,Match,W1,D1,Mismatch,Health & Safety,Health & Safety,Match,HSP-01,HSP-01,Match,5.2,5.2,Match,,,,Yes,Yes,Match,No,Covered,Traced,Verified,"due stage: GenAI 'D1', matrix 'W1' (HSP-01 §5.2)."
P-E006 v1,Yusuf Al-Balushi,MTT,R-HSP-01-006,HSP-01 §5.4,Yes,Yes,Match,Yes,Yes,Match,High,High,Match,W1,D1,Mismatch,Health & Safety,Health & Safety,Match,HSP-01,HSP-01,Match,5.4,5.4,Match,,,,,,,No,Covered,Traced,Verified,"due stage: GenAI 'D1', matrix 'W1' (HSP-01 §5.4)."
P-E006 v1,Yusuf Al-Balushi,MTT,R-HSP-01-007,HSP-01 §5.5,Yes,Yes,Match,Yes,Yes,Match,High,High,Match,W1,D1,Mismatch,Health & Safety,Health & Safety,Match,HSP-01,HSP-01,Match,5.5,5.5,Match,,,,Yes,Yes,Match,No,Covered,Traced,Verified,"due stage: GenAI 'D1', matrix 'W1' (HSP-01 §5.5)."
P-E006 v1,Yusuf Al-Balushi,MTT,R-ISP-01-001,ISP-01 §2.1,Yes,Yes,Match,Yes,Yes,Match,High,High,Match,W1,D1,Mismatch,Information Security,Information Security,Match,ISP-01,ISP-01,Match,2.1,2.1,Match,,,,,,,No,Covered,Traced,Verified,"due stage: GenAI 'D1', matrix 'W1' (ISP-01 §2.1)."
P-E006 v1,Yusuf Al-Balushi,MTT,R-ISP-01-002,ISP-01 §3.1,Yes,Yes,Match,Yes,Yes,Match,High,High,Match,W1,D1,Mismatch,Information Security,Information Security,Match,ISP-01,ISP-01,Match,3.1,3.1,Match,,,,Yes,Yes,Match,No,Covered,Traced,Verified,"due stage: GenAI 'D1', matrix 'W1' (ISP-01 §3.1)."
P-E006 v1,Yusuf Al-Balushi,MTT,R-ISP-01-003,ISP-01 §3.3,Yes,Yes,Match,Yes,Yes,Match,High,High,Match,W1,D1,Mismatch,Information Security,Information Security,Match,ISP-01,ISP-01,Match,3.3,3.3,Match,,,,,,,No,Covered,Traced,Verified with Warning,"due stage: GenAI 'D1', matrix 'W1' (ISP-01 §3.3)."
P-E006 v1,Yusuf Al-Balushi,MTT,R-ISP-01-004,ISP-01 §3.5,Yes,Yes,Match,Yes,Yes,Match,High,High,Match,W1,D1,Mismatch,Information Security,Information Security,Match,ISP-01,ISP-01,Match,3.5,3.5,Match,,,,Yes,Yes,Match,No,Covered,Traced,Verified,"due stage: GenAI 'D1', matrix 'W1' (ISP-01 §3.5)."
P-E006 v1,Yusuf Al-Balushi,MTT,R-ISP-01-005,ISP-01 §4.2,Yes,Yes,Match,Yes,Yes,Match,High,High,Match,W1,D1,Mismatch,Information Security,Information Security,Match,ISP-01,ISP-01,Match,4.2,4.2,Match,,,,Yes,Yes,Match,No,Covered,Traced,Verified,"due stage: GenAI 'D1', matrix 'W1' (ISP-01 §4.2)."
P-E006 v1,Yusuf Al-Balushi,MTT,R-ISP-01-006,ISP-01 §5.1,Yes,Yes,Match,Yes,Yes,Match,High,Medium,Mismatch,W1,W1,Match,Information Security,Information Security,Match,ISP-01,ISP-01,Match,5.1,5.1,Match,,,,Yes,Yes,Match,No,Covered,Traced,Verified,"priority: GenAI 'Medium', matrix 'High' (ISP-01 §5.1)."
P-E006 v1,Yusuf Al-Balushi,MTT,R-ISP-01-007,ISP-01 §6.2,Yes,Yes,Match,Yes,Yes,Match,High,High,Match,W1,D1,Mismatch,Information Security,Data Privacy,Mismatch,ISP-01,ISP-01,Match,6.2,6.2,Match,,,,Yes,Yes,Match,No,Covered,Traced,Verified,"due stage: GenAI 'D1', matrix 'W1'; module category: GenAI 'Data Privacy', matrix 'Information Security' (ISP-01 §6.2)."
P-E006 v1,Yusuf Al-Balushi,MTT,R-ISP-01-008,ISP-01 §7.1,Yes,Yes,Match,Yes,Yes,Match,High,High,Match,W1,D1,Mismatch,Incident Management,Information Security,Mismatch,ISP-01,ISP-01,Match,7.1,7.1,Match,,,,Yes,Yes,Match,No,Covered,Traced,Verified,"due stage: GenAI 'D1', matrix 'W1'; module category: GenAI 'Information Security', matrix 'Incident Management' (ISP-01 §7.1)."
P-E006 v1,Yusuf Al-Balushi,MTT,R-ITA-01-001,ITA-01 §2.1,Yes,Yes,Match,Yes,Yes,Match,High,High,Match,W1,D1,Mismatch,Information Security,Information Security,Match,ITA-01,ITA-01,Match,2.1,2.1,Match,,,,Yes,Yes,Match,No,Covered,Traced,Verified,"due stage: GenAI 'D1', matrix 'W1' (ITA-01 §2.1)."
P-E006 v1,Yusuf Al-Balushi,MTT,R-ITA-01-002,ITA-01 §2.3,Yes,Yes,Match,Yes,Yes,Match,Medium,Medium,Match,W2,W1,Mismatch,IT & Systems,Information Security,Mismatch,ITA-01,ITA-01,Match,2.3,2.3,Match,,,,Yes,Yes,Match,No,Covered,Traced,Verified,"due stage: GenAI 'W1', matrix 'W2'; module category: GenAI 'Information Security', matrix 'IT & Systems' (ITA-01 §2.3)."
P-E006 v1,Yusuf Al-Balushi,MTT,R-ITA-01-004,ITA-01 §3.4,Yes,Yes,Match,Yes,Yes,Match,Medium,Medium,Match,W2,W1,Mismatch,IT & Systems,Information Security,Mismatch,ITA-01,ITA-01,Match,3.4,3.4,Match,,,,Yes,Yes,Match,No,Covered,Traced,Verified,"due stage: GenAI 'W1', matrix 'W2'; module category: GenAI 'Information Security', matrix 'IT & Systems' (ITA-01 §3.4)."
P-E006 v1,Yusuf Al-Balushi,MTT,R-ITA-01-005,ITA-01 §4.1,Yes,Yes,Match,Yes,Yes,Match,Medium,Medium,Match,W2,W1,Mismatch,IT & Systems,Information Security,Mismatch,ITA-01,ITA-01,Match,4.1,4.1,Match,,,,Yes,Yes,Match,No,Covered,Traced,Verified,"due stage: GenAI 'W1', matrix 'W2'; module category: GenAI 'Information Security', matrix 'IT & Systems' (ITA-01 §4.1)."
P-E006 v1,Yusuf Al-Balushi,MTT,R-ITA-01-006,ITA-01 §5.2,Yes,No,Mismatch,,,,,,,,,,,,,,,,,,,,,,,,,No,Not included,Traced,Verified,"The matrix expects R-ITA-01-006 (optional, ITA-01 §5.2); GenAI left it out."
P-E006 v1,Yusuf Al-Balushi,MTT,R-LVP-01-001,LVP-01 §2.1,Yes,Yes,Match,Yes,Yes,Match,Medium,Low,Mismatch,W2,W1,Mismatch,HR Essentials,HR Operations,Mismatch,LVP-01,LVP-01,Match,2.1,2.1,Match,,,,Yes,Yes,Match,No,Covered,Traced,Verified,"priority: GenAI 'Low', matrix 'Medium'; due stage: GenAI 'W1', matrix 'W2'; module category: GenAI 'HR Operations', matrix 'HR Essentials' (LVP-01 §2.1)."
P-E006 v1,Yusuf Al-Balushi,MTT,R-LVP-01-002,LVP-01 §2.4,Yes,Yes,Match,Yes,Yes,Match,Medium,Low,Mismatch,W2,W1,Mismatch,HR Essentials,HR Operations,Mismatch,LVP-01,LVP-01,Match,2.4,2.4,Match,,,,Yes,Yes,Match,No,Covered,Traced,Verified,"priority: GenAI 'Low', matrix 'Medium'; due stage: GenAI 'W1', matrix 'W2'; module category: GenAI 'HR Operations', matrix 'HR Essentials' (LVP-01 §2.4)."
P-E006 v1,Yusuf Al-Balushi,MTT,R-LVP-01-003,LVP-01 §3.1,Yes,Yes,Match,Yes,Yes,Match,High,Low,Mismatch,D1,W1,Mismatch,HR Essentials,HR Operations,Mismatch,LVP-01,LVP-01,Match,3.1,3.1,Match,,,,Yes,Yes,Match,No,Covered,Traced,Verified with Warning,"priority: GenAI 'Low', matrix 'High'; due stage: GenAI 'W1', matrix 'D1'; module category: GenAI 'HR Operations', matrix 'HR Essentials' (LVP-01 §3.1)."
P-E006 v1,Yusuf Al-Balushi,MTT,R-LVP-01-004,LVP-01 §3.3,Yes,Yes,Match,Yes,Yes,Match,Medium,Low,Mismatch,W2,W1,Mismatch,HR Essentials,HR Operations,Mismatch,LVP-01,LVP-01,Match,3.3,3.4,Mismatch,,,,Yes,Yes,Match,No,Covered,Traced,Verified with Warning,"priority: GenAI 'Low', matrix 'Medium'; due stage: GenAI 'W1', matrix 'W2'; module category: GenAI 'HR Operations', matrix 'HR Essentials'; source section: GenAI '3.4', matrix '3.3' (LVP-01 §3.3)."
P-E006 v1,Yusuf Al-Balushi,MTT,R-LVP-01-005,LVP-01 §4.2,Yes,Yes,Match,Yes,Yes,Match,Medium,Low,Mismatch,W2,W1,Mismatch,HR Essentials,HR Operations,Mismatch,LVP-01,LVP-01,Match,4.2,4.2,Match,,,,Yes,Yes,Match,No,Covered,Traced,Verified,"priority: GenAI 'Low', matrix 'Medium'; due stage: GenAI 'W1', matrix 'W2'; module category: GenAI 'HR Operations', matrix 'HR Essentials' (LVP-01 §4.2)."
P-E006 v1,Yusuf Al-Balushi,MTT,R-MEM-01-002,MEM-01 §para 4,Yes,Yes,Match,No,Yes,Mismatch,Low,Medium,Mismatch,D30,D1,Mismatch,Workplace Conduct,Workplace Conduct,Match,MEM-01,MEM-01,Match,para 4,para 4,Match,,,,,,,No,Included,Traced,Partially Verified,"mandatory status: GenAI True, matrix False; priority: GenAI 'Medium', matrix 'Low'; due stage: GenAI 'D1', matrix 'D30' (MEM-01 §para 4)."
P-E006 v1,Yusuf Al-Balushi,MTT,R-ROL-02-002,ROL-02 §1.4,Yes,Yes,Match,Yes,Yes,Match,High,Medium,Mismatch,W1,W1,Match,Engineering Safety,Engineering Safety,Match,ROL-02,ROL-02,Match,1.4,1.4,Match,,,,,,,No,Covered,Traced,Verified with Warning,"priority: GenAI 'Medium', matrix 'High' (ROL-02 §1.4)."
P-E006 v1,Yusuf Al-Balushi,MTT,R-SOP-EN-01-001,SOP-EN-01 §1.2,Yes,Yes,Match,Yes,Yes,Match,High,High,Match,W1,D1,Mismatch,Engineering Safety,Engineering Safety,Match,SOP-EN-01,SOP-EN-01,Match,1.2,1.2,Match,,,,,,,No,Covered,Traced,Verified,"due stage: GenAI 'D1', matrix 'W1' (SOP-EN-01 §1.2)."
P-E006 v1,Yusuf Al-Balushi,MTT,R-SOP-EN-01-002,SOP-EN-01 §2.1,Yes,Yes,Match,Yes,Yes,Match,High,High,Match,W1,D1,Mismatch,Engineering Safety,Engineering Safety,Match,SOP-EN-01,SOP-EN-01,Match,2.1,2.1,Match,,,,Yes,Yes,Match,No,Covered,Traced,Verified,"due stage: GenAI 'D1', matrix 'W1' (SOP-EN-01 §2.1)."
P-E006 v1,Yusuf Al-Balushi,MTT,R-SOP-EN-01-003,SOP-EN-01 §2.3,Yes,Yes,Match,Yes,Yes,Match,High,High,Match,W1,D1,Mismatch,Engineering Safety,Engineering Safety,Match,SOP-EN-01,SOP-EN-01,Match,2.3,2.3,Match,,,,Yes,Yes,Match,No,Covered,Traced,Verified,"due stage: GenAI 'D1', matrix 'W1' (SOP-EN-01 §2.3)."
P-E006 v1,Yusuf Al-Balushi,MTT,R-SOP-EN-01-004,SOP-EN-01 §3.1,Yes,Yes,Match,Yes,Yes,Match,High,High,Match,W1,D1,Mismatch,Engineering Safety,Engineering Safety,Match,SOP-EN-01,SOP-EN-01,Match,3.1,3.1,Match,,,,Yes,Yes,Match,No,Covered,Traced,Verified,"due stage: GenAI 'D1', matrix 'W1' (SOP-EN-01 §3.1)."
P-E006 v1,Yusuf Al-Balushi,MTT,R-SOP-EN-01-005,SOP-EN-01 §4.2,Yes,Yes,Match,Yes,Yes,Match,High,High,Match,W1,D1,Mismatch,Engineering Safety,Engineering Safety,Match,SOP-EN-01,SOP-EN-01,Match,4.2,4.2,Match,,,,Yes,Yes,Match,No,Covered,Traced,Verified,"due stage: GenAI 'D1', matrix 'W1' (SOP-EN-01 §4.2)."
P-E006 v1,Yusuf Al-Balushi,MTT,R-SOP-EN-01-006,SOP-EN-01 §5.1,Yes,Yes,Match,Yes,Yes,Match,High,High,Match,D1,D1,Match,Engineering Safety,Engineering Safety,Match,SOP-EN-01,SOP-EN-01,Match,5.1,5.1,Match,,,,,,,Yes,Covered,Traced,Verified with Warning,GenAI and the matrix agree on every compared field.
P-E008 v1,Daniel Okafor,RVA,R-CMP-01-001,CMP-01 §2.1,Yes,Yes,Match,Yes,Yes,Match,High,High,Match,D1,D1,Match,Fire & Life Safety,Fire & Life Safety,Match,CMP-01,CMP-01,Match,2.1,2.1,Match,,,,Yes,Yes,Match,Yes,Covered,Traced,Verified,GenAI and the matrix agree on every compared field.
P-E008 v1,Daniel Okafor,RVA,R-CMP-01-002,CMP-01 §2.2,Yes,Yes,Match,Yes,Yes,Match,High,High,Match,W1,W1,Match,Data Privacy,Data Privacy,Match,CMP-01,CMP-01,Match,2.2,2.2,Match,,,,,,,Yes,Covered,Traced,Verified,GenAI and the matrix agree on every compared field.
P-E008 v1,Daniel Okafor,RVA,R-CMP-01-003,CMP-01 §2.3,Yes,Yes,Match,Yes,Yes,Match,High,High,Match,W1,W1,Match,General,Information Security,Mismatch,CMP-01,CMP-01,Match,2.3,2.3,Match,,,,,,,No,Covered,Traced,Verified,"module category: GenAI 'Information Security', matrix 'General' (CMP-01 §2.3)."
P-E008 v1,Daniel Okafor,RVA,R-CMP-01-004,CMP-01 §3.1,Yes,Yes,Match,Yes,Yes,Match,Medium,Medium,Match,D30,D30,Match,Company Orientation,HR Essentials,Mismatch,CMP-01,CMP-01,Match,3.1,3.1,Match,,,,Yes,Yes,Match,No,Covered,Traced,Verified,"module category: GenAI 'HR Essentials', matrix 'Company Orientation' (CMP-01 §3.1)."
P-E008 v1,Daniel Okafor,RVA,R-CMP-01-005,CMP-01 §3.3,Yes,Yes,Match,Yes,Yes,Match,Medium,Medium,Match,W2,D30,Mismatch,Company Orientation,HR Essentials,Mismatch,CMP-01,CMP-01,Match,3.3,3.3,Match,,,,Yes,Yes,Match,No,Covered,Traced,Verified,"due stage: GenAI 'D30', matrix 'W2'; module category: GenAI 'HR Essentials', matrix 'Company Orientation' (CMP-01 §3.3)."
P-E008 v1,Daniel Okafor,RVA,R-CMP-01-006,CMP-01 §4.1,Yes,No,Mismatch,,,,,,,,,,,,,,,,,,,,,,,,,No,Missing,Traced,Requirement Missing,"The matrix expects R-CMP-01-006 (mandatory, CMP-01 §4.1); GenAI left it out."
P-E008 v1,Daniel Okafor,RVA,R-COC-01-001,COC-01 §1.3,Yes,Yes,Match,Yes,Yes,Match,High,High,Match,D1,D1,Match,Workplace Conduct,Workplace Conduct,Match,COC-01,COC-01,Match,1.3,1.3,Match,,,,,,,Yes,Covered,Traced,Verified,GenAI and the matrix agree on every compared field.
P-E008 v1,Daniel Okafor,RVA,R-COC-01-002,COC-01 §2.1,Yes,Yes,Match,Yes,Yes,Match,High,High,Match,W1,D1,Mismatch,Workplace Conduct,Workplace Conduct,Match,COC-01,COC-01,Match,2.1,2.1,Match,,,,Yes,Yes,Match,No,Covered,Traced,Verified,"due stage: GenAI 'D1', matrix 'W1' (COC-01 §2.1)."
P-E008 v1,Daniel Okafor,RVA,R-COC-01-003,COC-01 §3.2,Yes,Yes,Match,Yes,Yes,Match,Medium,Low,Mismatch,W2,W1,Mismatch,Workplace Conduct,Workplace Conduct,Match,COC-01,COC-01,Match,3.2,3.2,Match,,,,Yes,Yes,Match,No,Covered,Traced,Verified,"priority: GenAI 'Low', matrix 'Medium'; due stage: GenAI 'W1', matrix 'W2' (COC-01 §3.2)."
P-E008 v1,Daniel Okafor,RVA,R-COC-01-004,COC-01 §4.1,Yes,Yes,Match,Yes,Yes,Match,Medium,High,Mismatch,W2,D1,Mismatch,Workplace Conduct,Workplace Conduct,Match,COC-01,COC-01,Match,4.1,4.1,Match,,,,Yes,Yes,Match,No,Covered,Traced,Verified,"priority: GenAI 'High', matrix 'Medium'; due stage: GenAI 'D1', matrix 'W2' (COC-01 §4.1)."
P-E008 v1,Daniel Okafor,RVA,R-COC-01-006,COC-01 §5.1,Yes,Yes,Match,Yes,Yes,Match,High,High,Match,W1,D1,Mismatch,Incident Management,Information Security,Mismatch,COC-01,COC-01,Match,5.1,5.1,Match,,,,Yes,Yes,Match,No,Covered,Traced,Verified,"due stage: GenAI 'D1', matrix 'W1'; module category: GenAI 'Information Security', matrix 'Incident Management' (COC-01 §5.1)."
P-E008 v1,Daniel Okafor,RVA,R-COC-01-007,COC-01 §6.3,Yes,Yes,Match,Yes,Yes,Match,Medium,Medium,Match,W2,W1,Mismatch,Workplace Conduct,HR Operations,Mismatch,COC-01,COC-01,Match,6.3,6.3,Match,,,,Yes,Yes,Match,No,Covered,Traced,Verified,"due stage: GenAI 'W1', matrix 'W2'; module category: GenAI 'HR Operations', matrix 'Workplace Conduct' (COC-01 §6.3)."
P-E008 v1,Daniel Okafor,RVA,R-ESC-01-001,ESC-01 §2.1,Yes,Yes,Match,Yes,Yes,Match,High,High,Match,W1,D1,Mismatch,Health & Safety,Health & Safety,Match,ESC-01,ESC-01,Match,2.1,2.1,Match,,,,Yes,Yes,Match,No,Covered,Traced,Verified with Warning,"due stage: GenAI 'D1', matrix 'W1' (ESC-01 §2.1)."
P-E008 v1,Daniel Okafor,RVA,R-ESC-01-003,ESC-01 §3.1,No,Yes,Mismatch,,,,,,,,,,,,,,,,,,,,,,,,,No,Included,Traced,Unsupported Requirement,"GenAI included R-ESC-01-003, but the matrix does not expect it for this employee (another role or a condition that does not apply)."
P-E008 v1,Daniel Okafor,RVA,R-ESC-01-004,ESC-01 §3.2,No,Yes,Mismatch,,,,,,,,,,,,,,,,,,,,,,,,,No,Included,Traced,Unsupported Requirement,"GenAI included R-ESC-01-004, but the matrix does not expect it for this employee (another role or a condition that does not apply)."
P-E008 v1,Daniel Okafor,RVA,R-ESC-01-005,ESC-01 §4.1,Yes,Yes,Match,Yes,Yes,Match,High,High,Match,W1,D1,Mismatch,Incident Management,Workplace Conduct,Mismatch,ESC-01,ESC-01,Match,4.1,4.1,Match,,,,Yes,Yes,Match,No,Covered,Traced,Verified,"due stage: GenAI 'D1', matrix 'W1'; module category: GenAI 'Workplace Conduct', matrix 'Incident Management' (ESC-01 §4.1)."
P-E008 v1,Daniel Okafor,RVA,R-ESC-01-006,ESC-01 §5.2,No,Yes,Mismatch,,,,,,,,,,,,,,,,,,,,,,,,,No,Included,Traced,Unsupported Requirement,"GenAI included R-ESC-01-006, but the matrix does not expect it for this employee (another role or a condition that does not apply)."
P-E008 v1,Daniel Okafor,RVA,R-FAQ-01-002,FAQ-01 §Q7,Yes,Yes,Match,Yes,Yes,Match,Medium,Low,Mismatch,W2,D1,Mismatch,Workplace Conduct,Company Orientation,Mismatch,FAQ-01,FAQ-01,Match,Q7,Q7,Match,,,,Yes,Yes,Match,No,Covered,Traced,Verified,"priority: GenAI 'Low', matrix 'Medium'; due stage: GenAI 'D1', matrix 'W2'; module category: GenAI 'Company Orientation', matrix 'Workplace Conduct' (FAQ-01 §Q7)."
P-E008 v1,Daniel Okafor,RVA,R-FAQ-01-004,FAQ-01 §Q15,Yes,Yes,Match,No,No,Match,Low,Low,Match,D30,D30,Match,General,Company Orientation,Mismatch,FAQ-01,FAQ-01,Match,Q15,Q15,Match,,,,,,,No,Included,Traced,Verified,"module category: GenAI 'Company Orientation', matrix 'General' (FAQ-01 §Q15)."
P-E008 v1,Daniel Okafor,RVA,R-FIN-01-001,FIN-01 §2.1,Yes,Yes,Match,Yes,Yes,Match,Medium,Medium,Match,W2,W1,Mismatch,Finance Operations,Finance Operations,Match,FIN-01,FIN-01,Match,2.1,2.1,Match,,,,Yes,Yes,Match,No,Covered,Traced,Verified,"due stage: GenAI 'W1', matrix 'W2' (FIN-01 §2.1)."
P-E008 v1,Daniel Okafor,RVA,R-FIN-01-002,FIN-01 §2.4,Yes,Yes,Match,Yes,Yes,Match,Medium,Medium,Match,W2,W1,Mismatch,Finance Operations,Finance Operations,Match,FIN-01,FIN-01,Match,2.4,2.4,Match,,,,Yes,Yes,Match,No,Covered,Traced,Verified,"due stage: GenAI 'W1', matrix 'W2' (FIN-01 §2.4)."
P-E008 v1,Daniel Okafor,RVA,R-FIN-01-003,FIN-01 §3.1,Yes,Yes,Match,Yes,Yes,Match,Medium,Medium,Match,W2,W1,Mismatch,Finance Operations,Finance Operations,Match,FIN-01,FIN-01,Match,3.1,3.1,Match,,,,Yes,Yes,Match,No,Covered,Traced,Verified,"due stage: GenAI 'W1', matrix 'W2' (FIN-01 §3.1)."
P-E008 v1,Daniel Okafor,RVA,R-FIN-01-004,FIN-01 §4.2,Yes,Yes,Match,Yes,Yes,Match,Medium,Low,Mismatch,D30,D30,Match,Finance Operations,Finance Operations,Match,FIN-01,FIN-01,Match,4.2,4.2,Match,,,,Yes,Yes,Match,No,Covered,Traced,Verified,"priority: GenAI 'Low', matrix 'Medium' (FIN-01 §4.2)."
P-E008 v1,Daniel Okafor,RVA,R-FIN-01-005,FIN-01 §5.2,Yes,No,Mismatch,,,,,,,,,,,,,,,,,,,,,,,,,No,Missing,Traced,Requirement Missing,"The matrix expects R-FIN-01-005 (mandatory, FIN-01 §5.2); GenAI left it out."
P-E008 v1,Daniel Okafor,RVA,R-FIN-01-006,FIN-01 §6.1,No,Yes,Mismatch,,,,,,,,,,,,,,,,,,,,,,,,,No,Included,Traced,Unsupported Requirement,"GenAI included R-FIN-01-006, but the matrix does not expect it for this employee (another role or a condition that does not apply)."
P-E008 v1,Daniel Okafor,RVA,R-FLS-01-001,FLS-01 §1.2,Yes,Yes,Match,Yes,Yes,Match,High,High,Match,D1,D1,Match,Fire & Life Safety,Fire & Life Safety,Match,FLS-01,FLS-01,Match,1.2,1.2,Match,,,,,,,Yes,Covered,Traced,Verified,GenAI and the matrix agree on every compared field.
P-E008 v1,Daniel Okafor,RVA,R-FLS-01-002,FLS-01 §1.3,Yes,Yes,Match,Yes,Yes,Match,High,High,Match,W1,D1,Mismatch,Fire & Life Safety,Fire & Life Safety,Match,FLS-01,FLS-01,Match,1.3,1.3,Match,,,,Yes,Yes,Match,No,Covered,Traced,Verified,"due stage: GenAI 'D1', matrix 'W1' (FLS-01 §1.3)."
P-E008 v1,Daniel Okafor,RVA,R-FLS-01-003,FLS-01 §2.1,Yes,Yes,Match,Yes,Yes,Match,High,High,Match,W1,D1,Mismatch,Fire & Life Safety,Fire & Life Safety,Match,FLS-01,FLS-01,Match,2.1,2.1,Match,,,,Yes,Yes,Match,No,Covered,Traced,Verified,"due stage: GenAI 'D1', matrix 'W1' (FLS-01 §2.1)."
P-E008 v1,Daniel Okafor,RVA,R-FLS-01-004,FLS-01 §3.1,Yes,Yes,Match,Yes,Yes,Match,High,Medium,Mismatch,D90,D30,Mismatch,Fire & Life Safety,Fire & Life Safety,Match,FLS-01,FLS-01,Match,3.1,3.1,Match,,,,,,,No,Covered,Traced,Verified with Warning,"priority: GenAI 'Medium', matrix 'High'; due stage: GenAI 'D30', matrix 'D90' (FLS-01 §3.1)."
P-E008 v1,Daniel Okafor,RVA,R-FLS-01-005,FLS-01 §3.4,Yes,No,Mismatch,,,,,,,,,,,,,,,,,,,,,,,,,No,Missing,Traced,Requirement Missing,"The matrix expects R-FLS-01-005 (mandatory, FLS-01 §3.4); GenAI left it out."
P-E008 v1,Daniel Okafor,RVA,R-GDP-01-001,GDP-01 §2.1,Yes,Yes,Match,Yes,Yes,Match,High,High,Match,W1,W1,Match,Data Privacy,Data Privacy,Match,GDP-01,GDP-01,Match,2.1,2.1,Match,,,,,,,Yes,Covered,Traced,Verified,GenAI and the matrix agree on every compared field.
P-E008 v1,Daniel Okafor,RVA,R-GDP-01-002,GDP-01 §3.1,Yes,Yes,Match,Yes,Yes,Match,High,High,Match,W1,D1,Mismatch,Data Privacy,Data Privacy,Match,GDP-01,GDP-01,Match,3.1,3.1,Match,,,,Yes,Yes,Match,No,Covered,Traced,Verified,"due stage: GenAI 'D1', matrix 'W1' (GDP-01 §3.1)."
P-E008 v1,Daniel Okafor,RVA,R-GDP-01-003,GDP-01 §4.1,Yes,Yes,Match,Yes,Yes,Match,High,High,Match,W1,D1,Mismatch,Data Privacy,Data Privacy,Match,GDP-01,GDP-01,Match,4.1,4.1,Match,,,,Yes,Yes,Match,No,Covered,Traced,Verified,"due stage: GenAI 'D1', matrix 'W1' (GDP-01 §4.1)."
P-E008 v1,Daniel Okafor,RVA,R-GDP-01-004,GDP-01 §4.2,Yes,Yes,Match,Yes,Yes,Match,High,High,Match,W1,D30,Mismatch,Data Privacy,Data Privacy,Match,GDP-01,GDP-01,Match,4.2,4.2,Match,,,,Yes,Yes,Match,No,Covered,Traced,Verified,"due stage: GenAI 'D30', matrix 'W1' (GDP-01 §4.2)."
P-E008 v1,Daniel Okafor,RVA,R-GDP-01-005,GDP-01 §5.1,Yes,Yes,Match,Yes,Yes,Match,High,High,Match,W1,D1,Mismatch,Data Privacy,Data Privacy,Match,GDP-01,GDP-01,Match,5.1,5.1,Match,,,,Yes,Yes,Match,No,Covered,Traced,Verified,"due stage: GenAI 'D1', matrix 'W1' (GDP-01 §5.1)."
P-E008 v1,Daniel Okafor,RVA,R-GDP-01-007,GDP-01 §6.1,Yes,Yes,Match,Yes,Yes,Match,High,Medium,Mismatch,W1,W1,Match,HR Operations,Data Privacy,Mismatch,GDP-01,GDP-01,Match,6.1,6.1,Match,,,,Yes,Yes,Match,No,Covered,Traced,Verified,"priority: GenAI 'Medium', matrix 'High'; module category: GenAI 'Data Privacy', matrix 'HR Operations' (GDP-01 §6.1)."
P-E008 v1,Daniel Okafor,RVA,R-GDP-01-008,GDP-01 §7.1,Yes,Yes,Match,Yes,Yes,Match,High,High,Match,W1,D1,Mismatch,Data Privacy,Incident Management,Mismatch,GDP-01,GDP-01,Match,7.1,7.1,Match,,,,Yes,Yes,Match,No,Covered,Traced,Verified,"due stage: GenAI 'D1', matrix 'W1'; module category: GenAI 'Incident Management', matrix 'Data Privacy' (GDP-01 §7.1)."
P-E008 v1,Daniel Okafor,RVA,R-GDP-01-009,GDP-01 §4.5,Yes,Yes,Match,Yes,Yes,Match,High,High,Match,W1,D1,Mismatch,Data Privacy,Data Privacy,Match,GDP-01,GDP-01,Match,4.5,4.5,Match,,,,Yes,Yes,Match,No,Covered,Traced,Verified,"due stage: GenAI 'D1', matrix 'W1' (GDP-01 §4.5)."
P-E008 v1,Daniel Okafor,RVA,R-HBK-01-001,HBK-01 §1.2,Yes,Yes,Match,Yes,Yes,Match,High,High,Match,D1,D1,Match,Company Orientation,Company Orientation,Match,HBK-01,HBK-01,Match,1.2,1.2,Match,,,,,,,Yes,Covered,Traced,Verified,GenAI and the matrix agree on every compared field.
P-E008 v1,Daniel Okafor,RVA,R-HBK-01-002,HBK-01 §2.1,Yes,Yes,Match,Yes,Yes,Match,High,High,Match,D1,D1,Match,Company Orientation,Company Orientation,Match,HBK-01,HBK-01,Match,2.1,2.1,Match,,,,,,,Yes,Covered,Traced,Verified,GenAI and the matrix agree on every compared field.
P-E008 v1,Daniel Okafor,RVA,R-HBK-01-003,HBK-01 §2.4,Yes,Yes,Match,Yes,Yes,Match,Medium,High,Mismatch,W2,D1,Mismatch,Company Orientation,Company Orientation,Match,HBK-01,HBK-01,Match,2.4,2.4,Match,,,,Yes,Yes,Match,No,Covered,Traced,Verified,"priority: GenAI 'High', matrix 'Medium'; due stage: GenAI 'D1', matrix 'W2' (HBK-01 §2.4)."
P-E008 v1,Daniel Okafor,RVA,R-HBK-01-004,HBK-01 §3.2,Yes,Yes,Match,No,No,Match,Low,Medium,Mismatch,D30,D30,Match,Company Orientation,Company Orientation,Match,HBK-01,HBK-01,Match,3.2,3.2,Match,,,,,,,No,Included,Traced,Verified,"priority: GenAI 'Medium', matrix 'Low' (HBK-01 §3.2)."
P-E008 v1,Daniel Okafor,RVA,R-HRP-01-001,HRP-01 §2.1,Yes,Yes,Match,Yes,Yes,Match,Medium,High,Mismatch,W1,D1,Mismatch,HR Essentials,HR Operations,Mismatch,HRP-01,HRP-01,Match,2.1,2.1,Match,,,,,,,No,Covered,Traced,Verified,"priority: GenAI 'High', matrix 'Medium'; due stage: GenAI 'D1', matrix 'W1'; module category: GenAI 'HR Operations', matrix 'HR Essentials' (HRP-01 §2.1)."
P-E008 v1,Daniel Okafor,RVA,R-HRP-01-002,HRP-01 §2.3,Yes,Yes,Match,Yes,Yes,Match,Medium,Medium,Match,W1,D30,Mismatch,Front Office Operations,HR Operations,Mismatch,HRP-01,HRP-01,Match,2.3,2.3,Match,,,,,,,No,Covered,Traced,Verified,"due stage: GenAI 'D30', matrix 'W1'; module category: GenAI 'HR Operations', matrix 'Front Office Operations' (HRP-01 §2.3)."
P-E008 v1,Daniel Okafor,RVA,R-HRP-01-003,HRP-01 §3.1,Yes,Yes,Match,Yes,Yes,Match,Medium,Medium,Match,W2,W1,Mismatch,HR Essentials,HR Operations,Mismatch,HRP-01,HRP-01,Match,3.1,3.1,Match,,,,Yes,Yes,Match,No,Covered,Traced,Verified,"due stage: GenAI 'W1', matrix 'W2'; module category: GenAI 'HR Operations', matrix 'HR Essentials' (HRP-01 §3.1)."
P-E008 v1,Daniel Okafor,RVA,R-HRP-01-005,HRP-01 §4.2,Yes,Yes,Match,Yes,Yes,Match,Medium,Low,Mismatch,W2,W1,Mismatch,HR Essentials,HR Operations,Mismatch,HRP-01,HRP-01,Match,4.2,4.2,Match,,,,Yes,Yes,Match,No,Covered,Traced,Verified,"priority: GenAI 'Low', matrix 'Medium'; due stage: GenAI 'W1', matrix 'W2'; module category: GenAI 'HR Operations', matrix 'HR Essentials' (HRP-01 §4.2)."
P-E008 v1,Daniel Okafor,RVA,R-HRP-01-006,HRP-01 §5.1,Yes,Yes,Match,Yes,Yes,Match,Medium,Low,Mismatch,W2,W1,Mismatch,HR Essentials,Workplace Conduct,Mismatch,HRP-01,HRP-01,Match,5.1,5.1,Match,,,,Yes,Yes,Match,No,Covered,Traced,Verified,"priority: GenAI 'Low', matrix 'Medium'; due stage: GenAI 'W1', matrix 'W2'; module category: GenAI 'Workplace Conduct', matrix 'HR Essentials' (HRP-01 §5.1)."
P-E008 v1,Daniel Okafor,RVA,R-HRP-01-007,HRP-01 §6.2,Yes,Yes,Match,No,No,Match,Low,Low,Match,D30,D30,Match,HR Essentials,HR Operations,Mismatch,HRP-01,HRP-01,Match,6.2,6.2,Match,,,,,,,No,Included,Traced,Verified,"module category: GenAI 'HR Operations', matrix 'HR Essentials' (HRP-01 §6.2)."
P-E008 v1,Daniel Okafor,RVA,R-HSP-01-002,HSP-01 §3.1,Yes,No,Mismatch,,,,,,,,,,,,,,,,,,,,,,,,,No,Missing,Traced,Requirement Missing,"The matrix expects R-HSP-01-002 (mandatory, HSP-01 §3.1); GenAI left it out."
P-E008 v1,Daniel Okafor,RVA,R-HSP-01-003,HSP-01 §3.3,Yes,No,Mismatch,,,,,,,,,,,,,,,,,,,,,,,,,No,Missing,Traced,Requirement Missing,"The matrix expects R-HSP-01-003 (mandatory, HSP-01 §3.3); GenAI left it out."
P-E008 v1,Daniel Okafor,RVA,R-HSP-01-004,HSP-01 §4.1,Yes,No,Mismatch,,,,,,,,,,,,,,,,,,,,,,,,,No,Missing,Traced,Requirement Missing,"The matrix expects R-HSP-01-004 (mandatory, HSP-01 §4.1); GenAI left it out."
P-E008 v1,Daniel Okafor,RVA,R-HSP-01-005,HSP-01 §5.2,Yes,No,Mismatch,,,,,,,,,,,,,,,,,,,,,,,,,No,Missing,Traced,Requirement Missing,"The matrix expects R-HSP-01-005 (mandatory, HSP-01 §5.2); GenAI left it out."
P-E008 v1,Daniel Okafor,RVA,R-HSP-01-007,HSP-01 §5.5,Yes,No,Mismatch,,,,,,,,,,,,,,,,,,,,,,,,,No,Missing,Traced,Requirement Missing,"The matrix expects R-HSP-01-007 (mandatory, HSP-01 §5.5); GenAI left it out."
P-E008 v1,Daniel Okafor,RVA,R-ISP-01-001,ISP-01 §2.1,Yes,Yes,Match,Yes,Yes,Match,High,High,Match,W1,D1,Mismatch,Information Security,Information Security,Match,ISP-01,ISP-01,Match,2.1,2.1,Match,,,,,,,No,Covered,Traced,Verified,"due stage: GenAI 'D1', matrix 'W1' (ISP-01 §2.1)."
P-E008 v1,Daniel Okafor,RVA,R-ISP-01-002,ISP-01 §3.1,Yes,Yes,Match,Yes,Yes,Match,High,High,Match,W1,D1,Mismatch,Information Security,Information Security,Match,ISP-01,ISP-01,Match,3.1,3.1,Match,,,,Yes,Yes,Match,No,Covered,Traced,Verified,"due stage: GenAI 'D1', matrix 'W1' (ISP-01 §3.1)."
P-E008 v1,Daniel Okafor,RVA,R-ISP-01-003,ISP-01 §3.3,Yes,Yes,Match,Yes,Yes,Match,High,High,Match,W1,D1,Mismatch,Information Security,Information Security,Match,ISP-01,ISP-01,Match,3.3,3.3,Match,,,,,,,No,Covered,Traced,Verified with Warning,"due stage: GenAI 'D1', matrix 'W1' (ISP-01 §3.3)."
P-E008 v1,Daniel Okafor,RVA,R-ISP-01-004,ISP-01 §3.5,Yes,Yes,Match,Yes,Yes,Match,High,High,Match,W1,D1,Mismatch,Information Security,Information Security,Match,ISP-01,ISP-01,Match,3.5,3.5,Match,,,,Yes,Yes,Match,No,Covered,Traced,Verified,"due stage: GenAI 'D1', matrix 'W1' (ISP-01 §3.5)."
P-E008 v1,Daniel Okafor,RVA,R-ISP-01-005,ISP-01 §4.2,Yes,Yes,Match,Yes,Yes,Match,High,High,Match,W1,D1,Mismatch,Information Security,Information Security,Match,ISP-01,ISP-01,Match,4.2,4.2,Match,,,,Yes,Yes,Match,No,Covered,Traced,Verified,"due stage: GenAI 'D1', matrix 'W1' (ISP-01 §4.2)."
P-E008 v1,Daniel Okafor,RVA,R-ISP-01-006,ISP-01 §5.1,Yes,Yes,Match,Yes,Yes,Match,High,Medium,Mismatch,W1,W1,Match,Information Security,Information Security,Match,ISP-01,ISP-01,Match,5.1,5.1,Match,,,,Yes,Yes,Match,No,Covered,Traced,Verified,"priority: GenAI 'Medium', matrix 'High' (ISP-01 §5.1)."
P-E008 v1,Daniel Okafor,RVA,R-ISP-01-007,ISP-01 §6.2,Yes,Yes,Match,Yes,Yes,Match,High,High,Match,W1,D1,Mismatch,Information Security,Information Security,Match,ISP-01,ISP-01,Match,6.2,6.2,Match,,,,Yes,Yes,Match,No,Covered,Traced,Verified,"due stage: GenAI 'D1', matrix 'W1' (ISP-01 §6.2)."
P-E008 v1,Daniel Okafor,RVA,R-ISP-01-008,ISP-01 §7.1,Yes,Yes,Match,Yes,Yes,Match,High,High,Match,W1,D1,Mismatch,Incident Management,Information Security,Mismatch,ISP-01,ISP-01,Match,7.1,7.1,Match,,,,Yes,Yes,Match,No,Covered,Traced,Verified,"due stage: GenAI 'D1', matrix 'W1'; module category: GenAI 'Information Security', matrix 'Incident Management' (ISP-01 §7.1)."
P-E008 v1,Daniel Okafor,RVA,R-ITA-01-001,ITA-01 §2.1,Yes,Yes,Match,Yes,Yes,Match,High,High,Match,W1,D1,Mismatch,Information Security,IT & Systems,Mismatch,ITA-01,ITA-01,Match,2.1,2.1,Match,,,,Yes,Yes,Match,No,Covered,Traced,Verified,"due stage: GenAI 'D1', matrix 'W1'; module category: GenAI 'IT & Systems', matrix 'Information Security' (ITA-01 §2.1)."
P-E008 v1,Daniel Okafor,RVA,R-ITA-01-002,ITA-01 §2.3,Yes,Yes,Match,Yes,Yes,Match,Medium,High,Mismatch,W2,D1,Mismatch,IT & Systems,IT & Systems,Match,ITA-01,ITA-01,Match,2.3,2.3,Match,,,,Yes,Yes,Match,No,Covered,Traced,Verified,"priority: GenAI 'High', matrix 'Medium'; due stage: GenAI 'D1', matrix 'W2' (ITA-01 §2.3)."
P-E008 v1,Daniel Okafor,RVA,R-ITA-01-004,ITA-01 §3.4,Yes,Yes,Match,Yes,Yes,Match,Medium,Medium,Match,W2,W1,Mismatch,IT & Systems,IT & Systems,Match,ITA-01,ITA-01,Match,3.4,3.4,Match,,,,Yes,Yes,Match,No,Covered,Traced,Verified,"due stage: GenAI 'W1', matrix 'W2' (ITA-01 §3.4)."
P-E008 v1,Daniel Okafor,RVA,R-ITA-01-005,ITA-01 §4.1,Yes,Yes,Match,Yes,Yes,Match,Medium,High,Mismatch,W2,D1,Mismatch,IT & Systems,Information Security,Mismatch,ITA-01,ITA-01,Match,4.1,4.1,Match,,,,Yes,Yes,Match,No,Covered,Traced,Verified,"priority: GenAI 'High', matrix 'Medium'; due stage: GenAI 'D1', matrix 'W2'; module category: GenAI 'Information Security', matrix 'IT & Systems' (ITA-01 §4.1)."
P-E008 v1,Daniel Okafor,RVA,R-ITA-01-006,ITA-01 §5.2,Yes,Yes,Match,No,No,Match,Low,Low,Match,D30,W2,Mismatch,IT & Systems,IT & Systems,Match,ITA-01,ITA-01,Match,5.2,5.2,Match,,,,,,,No,Included,Traced,Verified,"due stage: GenAI 'W2', matrix 'D30' (ITA-01 §5.2)."
P-E008 v1,Daniel Okafor,RVA,R-LVP-01-001,LVP-01 §2.1,Yes,Yes,Match,Yes,Yes,Match,Medium,Low,Mismatch,W2,D30,Mismatch,HR Essentials,HR Operations,Mismatch,LVP-01,LVP-01,Match,2.1,2.1,Match,,,,Yes,Yes,Match,No,Covered,Traced,Verified,"priority: GenAI 'Low', matrix 'Medium'; due stage: GenAI 'D30', matrix 'W2'; module category: GenAI 'HR Operations', matrix 'HR Essentials' (LVP-01 §2.1)."
P-E008 v1,Daniel Okafor,RVA,R-LVP-01-002,LVP-01 §2.4,Yes,Yes,Match,Yes,Yes,Match,Medium,Low,Mismatch,W2,D30,Mismatch,HR Essentials,HR Operations,Mismatch,LVP-01,LVP-01,Match,2.4,2.4,Match,,,,Yes,Yes,Match,No,Covered,Traced,Verified,"priority: GenAI 'Low', matrix 'Medium'; due stage: GenAI 'D30', matrix 'W2'; module category: GenAI 'HR Operations', matrix 'HR Essentials' (LVP-01 §2.4)."
P-E008 v1,Daniel Okafor,RVA,R-LVP-01-003,LVP-01 §3.1,Yes,Yes,Match,Yes,Yes,Match,High,Low,Mismatch,D1,W1,Mismatch,HR Essentials,HR Operations,Mismatch,LVP-01,LVP-01,Match,3.1,3.1,Match,,,,Yes,Yes,Match,No,Covered,Traced,Verified with Warning,"priority: GenAI 'Low', matrix 'High'; due stage: GenAI 'W1', matrix 'D1'; module category: GenAI 'HR Operations', matrix 'HR Essentials' (LVP-01 §3.1)."
P-E008 v1,Daniel Okafor,RVA,R-LVP-01-004,LVP-01 §3.3,Yes,Yes,Match,Yes,Yes,Match,Medium,Low,Mismatch,W2,W1,Mismatch,HR Essentials,HR Operations,Mismatch,LVP-01,LVP-01,Match,3.3,3.4,Mismatch,,,,Yes,Yes,Match,No,Covered,Traced,Verified with Warning,"priority: GenAI 'Low', matrix 'Medium'; due stage: GenAI 'W1', matrix 'W2'; module category: GenAI 'HR Operations', matrix 'HR Essentials'; source section: GenAI '3.4', matrix '3.3' (LVP-01 §3.3)."
P-E008 v1,Daniel Okafor,RVA,R-LVP-01-005,LVP-01 §4.2,Yes,Yes,Match,Yes,Yes,Match,Medium,Low,Mismatch,W2,W1,Mismatch,HR Essentials,HR Operations,Mismatch,LVP-01,LVP-01,Match,4.2,4.2,Match,,,,Yes,Yes,Match,No,Covered,Traced,Verified,"priority: GenAI 'Low', matrix 'Medium'; due stage: GenAI 'W1', matrix 'W2'; module category: GenAI 'HR Operations', matrix 'HR Essentials' (LVP-01 §4.2)."
P-E008 v1,Daniel Okafor,RVA,R-MEM-01-002,MEM-01 §para 4,Yes,Yes,Match,No,Yes,Mismatch,Low,Low,Match,D30,D1,Mismatch,Workplace Conduct,Workplace Conduct,Match,MEM-01,MEM-01,Match,para 4,para 4,Match,,,,,,,No,Included,Traced,Partially Verified,"mandatory status: GenAI True, matrix False; due stage: GenAI 'D1', matrix 'D30' (MEM-01 §para 4)."
P-E008 v1,Daniel Okafor,RVA,R-REV-01-001,REV-01 §2.1,Yes,Yes,Match,Yes,Yes,Match,High,High,Match,W1,D1,Mismatch,Revenue Management,Revenue Management,Match,REV-01,REV-01,Match,2.1,2.1,Match,,,,Yes,Yes,Match,No,Covered,Traced,Verified,"due stage: GenAI 'D1', matrix 'W1' (REV-01 §2.1)."
P-E008 v1,Daniel Okafor,RVA,R-REV-01-002,REV-01 §2.4,Yes,Yes,Match,Yes,Yes,Match,Medium,High,Mismatch,W2,W1,Mismatch,Revenue Management,Revenue Management,Match,REV-01,REV-01,Match,2.4,2.4,Match,,,,Yes,Yes,Match,No,Covered,Traced,Verified,"priority: GenAI 'High', matrix 'Medium'; due stage: GenAI 'W1', matrix 'W2' (REV-01 §2.4)."
P-E008 v1,Daniel Okafor,RVA,R-REV-01-004,REV-01 §4.1,Yes,Yes,Match,Yes,Yes,Match,Medium,High,Mismatch,W2,W1,Mismatch,Revenue Management,Revenue Management,Match,REV-01,REV-01,Match,4.1,4.1,Match,,,,Yes,Yes,Match,No,Covered,Traced,Verified,"priority: GenAI 'High', matrix 'Medium'; due stage: GenAI 'W1', matrix 'W2' (REV-01 §4.1)."
P-E008 v1,Daniel Okafor,RVA,R-REV-01-005,REV-01 §4.3,Yes,Yes,Match,Yes,Yes,Match,Medium,High,Mismatch,W2,W1,Mismatch,Revenue Management,Revenue Management,Match,REV-01,REV-01,Match,4.3,4.3,Match,,,,Yes,Yes,Match,No,Covered,Traced,Verified,"priority: GenAI 'High', matrix 'Medium'; due stage: GenAI 'W1', matrix 'W2' (REV-01 §4.3)."
P-E008 v1,Daniel Okafor,RVA,R-REV-01-006,REV-01 §5.1,Yes,Yes,Match,Yes,Yes,Match,Medium,High,Mismatch,W2,W1,Mismatch,Revenue Management,Revenue Management,Match,REV-01,REV-01,Match,5.1,5.1,Match,,,,Yes,Yes,Match,No,Covered,Traced,Verified,"priority: GenAI 'High', matrix 'Medium'; due stage: GenAI 'W1', matrix 'W2' (REV-01 §5.1)."
P-E008 v1,Daniel Okafor,RVA,R-ROL-03-001,ROL-03 §1.3,Yes,Yes,Match,Yes,Yes,Match,Medium,High,Mismatch,W2,D1,Mismatch,Revenue Management,Revenue Management,Match,ROL-03,ROL-03,Match,1.3,1.3,Match,,,,Yes,Yes,Match,No,Covered,Traced,Verified,"priority: GenAI 'High', matrix 'Medium'; due stage: GenAI 'D1', matrix 'W2' (ROL-03 §1.3)."
P-E008 v1,Daniel Okafor,RVA,R-ROL-03-002,ROL-03 §1.4,Yes,Yes,Match,Yes,Yes,Match,Medium,High,Mismatch,W2,D1,Mismatch,Revenue Management,Revenue Management,Match,ROL-03,ROL-03,Match,1.4,1.4,Match,,,,Yes,Yes,Match,No,Covered,Traced,Verified,"priority: GenAI 'High', matrix 'Medium'; due stage: GenAI 'D1', matrix 'W2' (ROL-03 §1.4)."
P-E007 v1,Sofia Petrova,SEE,R-CMP-01-001,CMP-01 §2.1,Yes,Yes,Match,Yes,Yes,Match,High,High,Match,D1,D1,Match,Fire & Life Safety,Fire & Life Safety,Match,CMP-01,CMP-01,Match,2.1,2.1,Match,,,,Yes,Yes,Match,Yes,Covered,Traced,Verified,GenAI and the matrix agree on every compared field.
P-E007 v1,Sofia Petrova,SEE,R-CMP-01-002,CMP-01 §2.2,Yes,Yes,Match,Yes,Yes,Match,High,High,Match,W1,W1,Match,Data Privacy,Data Privacy,Match,CMP-01,CMP-01,Match,2.2,2.2,Match,,,,,,,Yes,Covered,Traced,Verified,GenAI and the matrix agree on every compared field.
P-E007 v1,Sofia Petrova,SEE,R-CMP-01-003,CMP-01 §2.3,Yes,Yes,Match,Yes,Yes,Match,High,High,Match,W1,W1,Match,General,Information Security,Mismatch,CMP-01,CMP-01,Match,2.3,2.3,Match,,,,,,,No,Covered,Traced,Verified,"module category: GenAI 'Information Security', matrix 'General' (CMP-01 §2.3)."
P-E007 v1,Sofia Petrova,SEE,R-CMP-01-004,CMP-01 §3.1,Yes,Yes,Match,Yes,Yes,Match,Medium,High,Mismatch,D30,D30,Match,Company Orientation,HR Essentials,Mismatch,CMP-01,CMP-01,Match,3.1,3.1,Match,,,,Yes,Yes,Match,No,Covered,Traced,Verified,"priority: GenAI 'High', matrix 'Medium'; module category: GenAI 'HR Essentials', matrix 'Company Orientation' (CMP-01 §3.1)."
P-E007 v1,Sofia Petrova,SEE,R-CMP-01-005,CMP-01 §3.3,Yes,Yes,Match,Yes,Yes,Match,Medium,Medium,Match,W2,D30,Mismatch,Company Orientation,HR Essentials,Mismatch,CMP-01,CMP-01,Match,3.3,3.3,Match,,,,Yes,Yes,Match,No,Covered,Traced,Verified,"due stage: GenAI 'D30', matrix 'W2'; module category: GenAI 'HR Essentials', matrix 'Company Orientation' (CMP-01 §3.3)."
P-E007 v1,Sofia Petrova,SEE,R-CMP-01-006,CMP-01 §4.1,Yes,No,Mismatch,,,,,,,,,,,,,,,,,,,,,,,,,No,Missing,Traced,Requirement Missing,"The matrix expects R-CMP-01-006 (mandatory, CMP-01 §4.1); GenAI left it out."
P-E007 v1,Sofia Petrova,SEE,R-COC-01-001,COC-01 §1.3,Yes,Yes,Match,Yes,Yes,Match,High,High,Match,D1,D1,Match,Workplace Conduct,Workplace Conduct,Match,COC-01,COC-01,Match,1.3,1.3,Match,,,,,,,Yes,Covered,Traced,Verified,GenAI and the matrix agree on every compared field.
P-E007 v1,Sofia Petrova,SEE,R-COC-01-002,COC-01 §2.1,Yes,Yes,Match,Yes,Yes,Match,High,High,Match,W1,D1,Mismatch,Workplace Conduct,Workplace Conduct,Match,COC-01,COC-01,Match,2.1,2.1,Match,,,,Yes,Yes,Match,No,Covered,Traced,Verified,"due stage: GenAI 'D1', matrix 'W1' (COC-01 §2.1)."
P-E007 v1,Sofia Petrova,SEE,R-COC-01-003,COC-01 §3.2,Yes,Yes,Match,Yes,Yes,Match,Medium,Low,Mismatch,W2,W1,Mismatch,Workplace Conduct,Workplace Conduct,Match,COC-01,COC-01,Match,3.2,3.2,Match,,,,Yes,Yes,Match,No,Covered,Traced,Verified,"priority: GenAI 'Low', matrix 'Medium'; due stage: GenAI 'W1', matrix 'W2' (COC-01 §3.2)."
P-E007 v1,Sofia Petrova,SEE,R-COC-01-004,COC-01 §4.1,Yes,Yes,Match,Yes,Yes,Match,Medium,High,Mismatch,W2,D1,Mismatch,Workplace Conduct,Workplace Conduct,Match,COC-01,COC-01,Match,4.1,4.1,Match,,,,Yes,Yes,Match,No,Covered,Traced,Verified,"priority: GenAI 'High', matrix 'Medium'; due stage: GenAI 'D1', matrix 'W2' (COC-01 §4.1)."
P-E007 v1,Sofia Petrova,SEE,R-COC-01-006,COC-01 §5.1,Yes,Yes,Match,Yes,Yes,Match,High,High,Match,W1,D1,Mismatch,Incident Management,Workplace Conduct,Mismatch,COC-01,COC-01,Match,5.1,5.1,Match,,,,Yes,Yes,Match,No,Covered,Traced,Verified,"due stage: GenAI 'D1', matrix 'W1'; module category: GenAI 'Workplace Conduct', matrix 'Incident Management' (COC-01 §5.1)."
P-E007 v1,Sofia Petrova,SEE,R-COC-01-007,COC-01 §6.3,Yes,Yes,Match,Yes,Yes,Match,Medium,Medium,Match,W2,W1,Mismatch,Workplace Conduct,Workplace Conduct,Match,COC-01,COC-01,Match,6.3,6.3,Match,,,,Yes,Yes,Match,No,Covered,Traced,Verified,"due stage: GenAI 'W1', matrix 'W2' (COC-01 §6.3)."
P-E007 v1,Sofia Petrova,SEE,R-ESC-01-001,ESC-01 §2.1,Yes,Yes,Match,Yes,Yes,Match,High,High,Match,W1,D1,Mismatch,Health & Safety,Incident Management,Mismatch,ESC-01,ESC-01,Match,2.1,2.1,Match,,,,Yes,Yes,Match,No,Covered,Traced,Verified with Warning,"due stage: GenAI 'D1', matrix 'W1'; module category: GenAI 'Incident Management', matrix 'Health & Safety' (ESC-01 §2.1)."
P-E007 v1,Sofia Petrova,SEE,R-ESC-01-003,ESC-01 §3.1,No,Yes,Mismatch,,,,,,,,,,,,,,,,,,,,,,,,,No,Included,Traced,Unsupported Requirement,"GenAI included R-ESC-01-003, but the matrix does not expect it for this employee (another role or a condition that does not apply)."
P-E007 v1,Sofia Petrova,SEE,R-ESC-01-004,ESC-01 §3.2,No,Yes,Mismatch,,,,,,,,,,,,,,,,,,,,,,,,,No,Included,Traced,Unsupported Requirement,"GenAI included R-ESC-01-004, but the matrix does not expect it for this employee (another role or a condition that does not apply)."
P-E007 v1,Sofia Petrova,SEE,R-ESC-01-005,ESC-01 §4.1,Yes,Yes,Match,Yes,Yes,Match,High,High,Match,W1,D1,Mismatch,Incident Management,Workplace Conduct,Mismatch,ESC-01,ESC-01,Match,4.1,4.1,Match,,,,Yes,Yes,Match,No,Covered,Traced,Verified,"due stage: GenAI 'D1', matrix 'W1'; module category: GenAI 'Workplace Conduct', matrix 'Incident Management' (ESC-01 §4.1)."
P-E007 v1,Sofia Petrova,SEE,R-FAQ-01-002,FAQ-01 §Q7,Yes,Yes,Match,Yes,Yes,Match,Medium,Medium,Match,W2,D1,Mismatch,Workplace Conduct,HR Operations,Mismatch,FAQ-01,FAQ-01,Match,Q7,Q7,Match,,,,Yes,Yes,Match,No,Covered,Traced,Verified,"due stage: GenAI 'D1', matrix 'W2'; module category: GenAI 'HR Operations', matrix 'Workplace Conduct' (FAQ-01 §Q7)."
P-E007 v1,Sofia Petrova,SEE,R-FAQ-01-004,FAQ-01 §Q15,Yes,Yes,Match,No,Yes,Mismatch,Low,Low,Match,D30,W1,Mismatch,General,Front Office Operations,Mismatch,FAQ-01,FAQ-01,Match,Q15,Q15,Match,,,,,,,No,Included,Traced,Partially Verified,"mandatory status: GenAI True, matrix False; due stage: GenAI 'W1', matrix 'D30'; module category: GenAI 'Front Office Operations', matrix 'General' (FAQ-01 §Q15)."
P-E007 v1,Sofia Petrova,SEE,R-FIN-01-001,FIN-01 §2.1,Yes,Yes,Match,Yes,Yes,Match,Medium,Medium,Match,W2,W1,Mismatch,Finance Operations,Finance Operations,Match,FIN-01,FIN-01,Match,2.1,2.1,Match,,,,Yes,Yes,Match,No,Covered,Traced,Verified,"due stage: GenAI 'W1', matrix 'W2' (FIN-01 §2.1)."
P-E007 v1,Sofia Petrova,SEE,R-FIN-01-002,FIN-01 §2.4,Yes,Yes,Match,Yes,Yes,Match,Medium,Medium,Match,W2,W1,Mismatch,Finance Operations,Finance Operations,Match,FIN-01,FIN-01,Match,2.4,2.3,Mismatch,,,,Yes,Yes,Match,No,Covered,Traced,Verified with Warning,"due stage: GenAI 'W1', matrix 'W2'; source section: GenAI '2.3', matrix '2.4' (FIN-01 §2.4)."
P-E007 v1,Sofia Petrova,SEE,R-FIN-01-003,FIN-01 §3.1,Yes,Yes,Match,Yes,Yes,Match,Medium,Medium,Match,W2,W2,Match,Finance Operations,Finance Operations,Match,FIN-01,FIN-01,Match,3.1,3.1,Match,,,,Yes,Yes,Match,Yes,Covered,Traced,Verified,GenAI and the matrix agree on every compared field.
P-E007 v1,Sofia Petrova,SEE,R-FIN-01-004,FIN-01 §4.2,Yes,Yes,Match,Yes,Yes,Match,Medium,Medium,Match,D30,W1,Mismatch,Finance Operations,Finance Operations,Match,FIN-01,FIN-01,Match,4.2,4.2,Match,,,,Yes,Yes,Match,No,Covered,Traced,Verified with Warning,"due stage: GenAI 'W1', matrix 'D30' (FIN-01 §4.2)."
P-E007 v1,Sofia Petrova,SEE,R-FIN-01-005,FIN-01 §5.2,Yes,No,Mismatch,,,,,,,,,,,,,,,,,,,,,,,,,No,Missing,Traced,Requirement Missing,"The matrix expects R-FIN-01-005 (mandatory, FIN-01 §5.2); GenAI left it out."
P-E007 v1,Sofia Petrova,SEE,R-FLS-01-001,FLS-01 §1.2,Yes,Yes,Match,Yes,Yes,Match,High,High,Match,D1,D1,Match,Fire & Life Safety,Fire & Life Safety,Match,FLS-01,FLS-01,Match,1.2,1.2,Match,,,,,,,Yes,Covered,Traced,Verified,GenAI and the matrix agree on every compared field.
P-E007 v1,Sofia Petrova,SEE,R-FLS-01-002,FLS-01 §1.3,Yes,Yes,Match,Yes,Yes,Match,High,High,Match,W1,D1,Mismatch,Fire & Life Safety,Fire & Life Safety,Match,FLS-01,FLS-01,Match,1.3,1.3,Match,,,,Yes,Yes,Match,No,Covered,Traced,Verified,"due stage: GenAI 'D1', matrix 'W1' (FLS-01 §1.3)."
P-E007 v1,Sofia Petrova,SEE,R-FLS-01-003,FLS-01 §2.1,Yes,Yes,Match,Yes,Yes,Match,High,High,Match,W1,D1,Mismatch,Fire & Life Safety,Fire & Life Safety,Match,FLS-01,FLS-01,Match,2.1,2.1,Match,,,,Yes,Yes,Match,No,Covered,Traced,Verified,"due stage: GenAI 'D1', matrix 'W1' (FLS-01 §2.1)."
P-E007 v1,Sofia Petrova,SEE,R-FLS-01-004,FLS-01 §3.1,Yes,Yes,Match,Yes,Yes,Match,High,Medium,Mismatch,D90,D60,Mismatch,Fire & Life Safety,Fire & Life Safety,Match,FLS-01,FLS-01,Match,3.1,3.1,Match,,,,,,,No,Covered,Traced,Verified with Warning,"priority: GenAI 'Medium', matrix 'High'; due stage: GenAI 'D60', matrix 'D90' (FLS-01 §3.1)."
P-E007 v1,Sofia Petrova,SEE,R-FLS-01-005,FLS-01 §3.4,Yes,No,Mismatch,,,,,,,,,,,,,,,,,,,,,,,,,No,Missing,Traced,Requirement Missing,"The matrix expects R-FLS-01-005 (mandatory, FLS-01 §3.4); GenAI left it out."
P-E007 v1,Sofia Petrova,SEE,R-GDP-01-001,GDP-01 §2.1,Yes,Yes,Match,Yes,Yes,Match,High,High,Match,W1,W1,Match,Data Privacy,Data Privacy,Match,GDP-01,GDP-01,Match,2.1,2.1,Match,,,,,,,Yes,Covered,Traced,Verified,GenAI and the matrix agree on every compared field.
P-E007 v1,Sofia Petrova,SEE,R-GDP-01-002,GDP-01 §3.1,Yes,Yes,Match,Yes,Yes,Match,High,High,Match,W1,D1,Mismatch,Data Privacy,Data Privacy,Match,GDP-01,GDP-01,Match,3.1,3.1,Match,,,,Yes,Yes,Match,No,Covered,Traced,Verified,"due stage: GenAI 'D1', matrix 'W1' (GDP-01 §3.1)."
P-E007 v1,Sofia Petrova,SEE,R-GDP-01-003,GDP-01 §4.1,Yes,Yes,Match,Yes,Yes,Match,High,High,Match,W1,D1,Mismatch,Data Privacy,Data Privacy,Match,GDP-01,GDP-01,Match,4.1,4.1,Match,,,,Yes,Yes,Match,No,Covered,Traced,Verified,"due stage: GenAI 'D1', matrix 'W1' (GDP-01 §4.1)."
P-E007 v1,Sofia Petrova,SEE,R-GDP-01-004,GDP-01 §4.2,Yes,Yes,Match,Yes,Yes,Match,High,Medium,Mismatch,W1,D30,Mismatch,Data Privacy,Data Privacy,Match,GDP-01,GDP-01,Match,4.2,4.2,Match,,,,Yes,Yes,Match,No,Covered,Traced,Verified,"priority: GenAI 'Medium', matrix 'High'; due stage: GenAI 'D30', matrix 'W1' (GDP-01 §4.2)."
P-E007 v1,Sofia Petrova,SEE,R-GDP-01-005,GDP-01 §5.1,Yes,Yes,Match,Yes,Yes,Match,High,High,Match,W1,D1,Mismatch,Data Privacy,Data Privacy,Match,GDP-01,GDP-01,Match,5.1,5.1,Match,,,,Yes,Yes,Match,No,Covered,Traced,Verified,"due stage: GenAI 'D1', matrix 'W1' (GDP-01 §5.1)."
P-E007 v1,Sofia Petrova,SEE,R-GDP-01-007,GDP-01 §6.1,Yes,Yes,Match,Yes,Yes,Match,High,Medium,Mismatch,W1,W1,Match,HR Operations,Data Privacy,Mismatch,GDP-01,GDP-01,Match,6.1,6.1,Match,,,,Yes,Yes,Match,No,Covered,Traced,Verified,"priority: GenAI 'Medium', matrix 'High'; module category: GenAI 'Data Privacy', matrix 'HR Operations' (GDP-01 §6.1)."
P-E007 v1,Sofia Petrova,SEE,R-GDP-01-008,GDP-01 §7.1,Yes,Yes,Match,Yes,Yes,Match,High,High,Match,W1,D1,Mismatch,Data Privacy,Data Privacy,Match,GDP-01,GDP-01,Match,7.1,7.1,Match,,,,Yes,Yes,Match,No,Covered,Traced,Verified,"due stage: GenAI 'D1', matrix 'W1' (GDP-01 §7.1)."
P-E007 v1,Sofia Petrova,SEE,R-GDP-01-009,GDP-01 §4.5,Yes,Yes,Match,Yes,Yes,Match,High,High,Match,W1,D1,Mismatch,Data Privacy,Data Privacy,Match,GDP-01,GDP-01,Match,4.5,4.5,Match,,,,Yes,Yes,Match,No,Covered,Traced,Verified,"due stage: GenAI 'D1', matrix 'W1' (GDP-01 §4.5)."
P-E007 v1,Sofia Petrova,SEE,R-HBK-01-001,HBK-01 §1.2,Yes,Yes,Match,Yes,Yes,Match,High,High,Match,D1,D1,Match,Company Orientation,Company Orientation,Match,HBK-01,HBK-01,Match,1.2,1.2,Match,,,,,,,Yes,Covered,Traced,Verified,GenAI and the matrix agree on every compared field.
P-E007 v1,Sofia Petrova,SEE,R-HBK-01-002,HBK-01 §2.1,Yes,Yes,Match,Yes,Yes,Match,High,High,Match,D1,D1,Match,Company Orientation,Company Orientation,Match,HBK-01,HBK-01,Match,2.1,2.1,Match,,,,,,,Yes,Covered,Traced,Verified,GenAI and the matrix agree on every compared field.
P-E007 v1,Sofia Petrova,SEE,R-HBK-01-003,HBK-01 §2.4,Yes,Yes,Match,Yes,Yes,Match,Medium,High,Mismatch,W2,D1,Mismatch,Company Orientation,HR Operations,Mismatch,HBK-01,HBK-01,Match,2.4,2.4,Match,,,,Yes,Yes,Match,No,Covered,Traced,Verified,"priority: GenAI 'High', matrix 'Medium'; due stage: GenAI 'D1', matrix 'W2'; module category: GenAI 'HR Operations', matrix 'Company Orientation' (HBK-01 §2.4)."
P-E007 v1,Sofia Petrova,SEE,R-HBK-01-004,HBK-01 §3.2,Yes,Yes,Match,No,No,Match,Low,Low,Match,D30,D30,Match,Company Orientation,Company Orientation,Match,HBK-01,HBK-01,Match,3.2,3.2,Match,,,,,,,Yes,Included,Traced,Verified,GenAI and the matrix agree on every compared field.
P-E007 v1,Sofia Petrova,SEE,R-HRP-01-001,HRP-01 §2.1,Yes,Yes,Match,Yes,Yes,Match,Medium,High,Mismatch,W1,W1,Match,HR Essentials,HR Operations,Mismatch,HRP-01,HRP-01,Match,2.1,2.1,Match,,,,,,,No,Covered,Traced,Verified,"priority: GenAI 'High', matrix 'Medium'; module category: GenAI 'HR Operations', matrix 'HR Essentials' (HRP-01 §2.1)."
P-E007 v1,Sofia Petrova,SEE,R-HRP-01-002,HRP-01 §2.3,Yes,Yes,Match,Yes,Yes,Match,Medium,Medium,Match,W1,D30,Mismatch,Front Office Operations,HR Operations,Mismatch,HRP-01,HRP-01,Match,2.3,2.3,Match,,,,,,,No,Covered,Traced,Verified,"due stage: GenAI 'D30', matrix 'W1'; module category: GenAI 'HR Operations', matrix 'Front Office Operations' (HRP-01 §2.3)."
P-E007 v1,Sofia Petrova,SEE,R-HRP-01-003,HRP-01 §3.1,Yes,Yes,Match,Yes,Yes,Match,Medium,High,Mismatch,W2,D1,Mismatch,HR Essentials,HR Operations,Mismatch,HRP-01,HRP-01,Match,3.1,3.1,Match,,,,Yes,Yes,Match,No,Covered,Traced,Verified,"priority: GenAI 'High', matrix 'Medium'; due stage: GenAI 'D1', matrix 'W2'; module category: GenAI 'HR Operations', matrix 'HR Essentials' (HRP-01 §3.1)."
P-E007 v1,Sofia Petrova,SEE,R-HRP-01-005,HRP-01 §4.2,Yes,Yes,Match,Yes,Yes,Match,Medium,Medium,Match,W2,D1,Mismatch,HR Essentials,HR Operations,Mismatch,HRP-01,HRP-01,Match,4.2,4.2,Match,,,,Yes,Yes,Match,No,Covered,Traced,Verified,"due stage: GenAI 'D1', matrix 'W2'; module category: GenAI 'HR Operations', matrix 'HR Essentials' (HRP-01 §4.2)."
P-E007 v1,Sofia Petrova,SEE,R-HRP-01-006,HRP-01 §5.1,Yes,Yes,Match,Yes,Yes,Match,Medium,Low,Mismatch,W2,W1,Mismatch,HR Essentials,HR Operations,Mismatch,HRP-01,HRP-01,Match,5.1,5.1,Match,,,,Yes,Yes,Match,No,Covered,Traced,Verified,"priority: GenAI 'Low', matrix 'Medium'; due stage: GenAI 'W1', matrix 'W2'; module category: GenAI 'HR Operations', matrix 'HR Essentials' (HRP-01 §5.1)."
P-E007 v1,Sofia Petrova,SEE,R-HRP-01-007,HRP-01 §6.2,Yes,Yes,Match,No,No,Match,Low,Low,Match,D30,D90,Mismatch,HR Essentials,HR Operations,Mismatch,HRP-01,HRP-01,Match,6.2,6.2,Match,,,,,,,No,Included,Traced,Verified,"due stage: GenAI 'D90', matrix 'D30'; module category: GenAI 'HR Operations', matrix 'HR Essentials' (HRP-01 §6.2)."
P-E007 v1,Sofia Petrova,SEE,R-HSP-01-002,HSP-01 §3.1,Yes,No,Mismatch,,,,,,,,,,,,,,,,,,,,,,,,,No,Missing,Traced,Requirement Missing,"The matrix expects R-HSP-01-002 (mandatory, HSP-01 §3.1); GenAI left it out."
P-E007 v1,Sofia Petrova,SEE,R-HSP-01-003,HSP-01 §3.3,Yes,No,Mismatch,,,,,,,,,,,,,,,,,,,,,,,,,No,Missing,Traced,Requirement Missing,"The matrix expects R-HSP-01-003 (mandatory, HSP-01 §3.3); GenAI left it out."
P-E007 v1,Sofia Petrova,SEE,R-HSP-01-004,HSP-01 §4.1,Yes,Yes,Match,Yes,Yes,Match,High,Medium,Mismatch,W1,W1,Match,Health & Safety,Health & Safety,Match,HSP-01,HSP-01,Match,4.1,4.1,Match,,,,Yes,Yes,Match,No,Covered,Traced,Verified,"priority: GenAI 'Medium', matrix 'High' (HSP-01 §4.1)."
P-E007 v1,Sofia Petrova,SEE,R-HSP-01-005,HSP-01 §5.2,Yes,No,Mismatch,,,,,,,,,,,,,,,,,,,,,,,,,No,Missing,Traced,Requirement Missing,"The matrix expects R-HSP-01-005 (mandatory, HSP-01 §5.2); GenAI left it out."
P-E007 v1,Sofia Petrova,SEE,R-HSP-01-007,HSP-01 §5.5,Yes,No,Mismatch,,,,,,,,,,,,,,,,,,,,,,,,,No,Missing,Traced,Requirement Missing,"The matrix expects R-HSP-01-007 (mandatory, HSP-01 §5.5); GenAI left it out."
P-E007 v1,Sofia Petrova,SEE,R-ISP-01-001,ISP-01 §2.1,Yes,Yes,Match,Yes,Yes,Match,High,High,Match,W1,D1,Mismatch,Information Security,Information Security,Match,ISP-01,ISP-01,Match,2.1,2.1,Match,,,,,,,No,Covered,Traced,Verified with Warning,"due stage: GenAI 'D1', matrix 'W1' (ISP-01 §2.1)."
P-E007 v1,Sofia Petrova,SEE,R-ISP-01-002,ISP-01 §3.1,Yes,Yes,Match,Yes,Yes,Match,High,High,Match,W1,D1,Mismatch,Information Security,Information Security,Match,ISP-01,ISP-01,Match,3.1,3.1,Match,,,,Yes,Yes,Match,No,Covered,Traced,Verified,"due stage: GenAI 'D1', matrix 'W1' (ISP-01 §3.1)."
P-E007 v1,Sofia Petrova,SEE,R-ISP-01-003,ISP-01 §3.3,Yes,Yes,Match,Yes,Yes,Match,High,High,Match,W1,D1,Mismatch,Information Security,Information Security,Match,ISP-01,ISP-01,Match,3.3,3.3,Match,,,,,,,No,Covered,Traced,Verified with Warning,"due stage: GenAI 'D1', matrix 'W1' (ISP-01 §3.3)."
P-E007 v1,Sofia Petrova,SEE,R-ISP-01-004,ISP-01 §3.5,Yes,Yes,Match,Yes,Yes,Match,High,High,Match,W1,D1,Mismatch,Information Security,Information Security,Match,ISP-01,ISP-01,Match,3.5,3.5,Match,,,,Yes,Yes,Match,No,Covered,Traced,Verified,"due stage: GenAI 'D1', matrix 'W1' (ISP-01 §3.5)."
P-E007 v1,Sofia Petrova,SEE,R-ISP-01-005,ISP-01 §4.2,Yes,Yes,Match,Yes,Yes,Match,High,Medium,Mismatch,W1,D1,Mismatch,Information Security,Information Security,Match,ISP-01,ISP-01,Match,4.2,4.2,Match,,,,Yes,Yes,Match,No,Covered,Traced,Verified,"priority: GenAI 'Medium', matrix 'High'; due stage: GenAI 'D1', matrix 'W1' (ISP-01 §4.2)."
P-E007 v1,Sofia Petrova,SEE,R-ISP-01-006,ISP-01 §5.1,Yes,Yes,Match,Yes,Yes,Match,High,Medium,Mismatch,W1,D1,Mismatch,Information Security,Information Security,Match,ISP-01,ISP-01,Match,5.1,5.1,Match,,,,Yes,Yes,Match,No,Covered,Traced,Verified,"priority: GenAI 'Medium', matrix 'High'; due stage: GenAI 'D1', matrix 'W1' (ISP-01 §5.1)."
P-E007 v1,Sofia Petrova,SEE,R-ISP-01-007,ISP-01 §6.2,Yes,Yes,Match,Yes,Yes,Match,High,High,Match,W1,D1,Mismatch,Information Security,Data Privacy,Mismatch,ISP-01,ISP-01,Match,6.2,6.2,Match,,,,Yes,Yes,Match,No,Covered,Traced,Verified,"due stage: GenAI 'D1', matrix 'W1'; module category: GenAI 'Data Privacy', matrix 'Information Security' (ISP-01 §6.2)."
P-E007 v1,Sofia Petrova,SEE,R-ISP-01-008,ISP-01 §7.1,Yes,Yes,Match,Yes,Yes,Match,High,High,Match,W1,D1,Mismatch,Incident Management,Information Security,Mismatch,ISP-01,ISP-01,Match,7.1,7.1,Match,,,,Yes,Yes,Match,No,Covered,Traced,Verified,"due stage: GenAI 'D1', matrix 'W1'; module category: GenAI 'Information Security', matrix 'Incident Management' (ISP-01 §7.1)."
P-E007 v1,Sofia Petrova,SEE,R-ITA-01-001,ITA-01 §2.1,Yes,Yes,Match,Yes,Yes,Match,High,High,Match,W1,D1,Mismatch,Information Security,Information Security,Match,ITA-01,ITA-01,Match,2.1,2.1,Match,,,,Yes,Yes,Match,No,Covered,Traced,Verified,"due stage: GenAI 'D1', matrix 'W1' (ITA-01 §2.1)."
P-E007 v1,Sofia Petrova,SEE,R-ITA-01-002,ITA-01 §2.3,Yes,Yes,Match,Yes,Yes,Match,Medium,Medium,Match,W2,D1,Mismatch,IT & Systems,IT & Systems,Match,ITA-01,ITA-01,Match,2.3,2.3,Match,,,,Yes,Yes,Match,No,Covered,Traced,Verified,"due stage: GenAI 'D1', matrix 'W2' (ITA-01 §2.3)."
P-E007 v1,Sofia Petrova,SEE,R-ITA-01-004,ITA-01 §3.4,Yes,Yes,Match,Yes,Yes,Match,Medium,Medium,Match,W2,D1,Mismatch,IT & Systems,Information Security,Mismatch,ITA-01,ITA-01,Match,3.4,3.4,Match,,,,Yes,Yes,Match,No,Covered,Traced,Verified,"due stage: GenAI 'D1', matrix 'W2'; module category: GenAI 'Information Security', matrix 'IT & Systems' (ITA-01 §3.4)."
P-E007 v1,Sofia Petrova,SEE,R-ITA-01-005,ITA-01 §4.1,Yes,Yes,Match,Yes,Yes,Match,Medium,High,Mismatch,W2,D1,Mismatch,IT & Systems,Information Security,Mismatch,ITA-01,ITA-01,Match,4.1,4.1,Match,,,,Yes,Yes,Match,No,Covered,Traced,Verified,"priority: GenAI 'High', matrix 'Medium'; due stage: GenAI 'D1', matrix 'W2'; module category: GenAI 'Information Security', matrix 'IT & Systems' (ITA-01 §4.1)."
P-E007 v1,Sofia Petrova,SEE,R-ITA-01-006,ITA-01 §5.2,Yes,Yes,Match,No,No,Match,Low,Low,Match,D30,W1,Mismatch,IT & Systems,IT & Systems,Match,ITA-01,ITA-01,Match,5.2,5.2,Match,,,,,,,No,Included,Traced,Verified,"due stage: GenAI 'W1', matrix 'D30' (ITA-01 §5.2)."
P-E007 v1,Sofia Petrova,SEE,R-LVP-01-001,LVP-01 §2.1,Yes,Yes,Match,Yes,Yes,Match,Medium,Low,Mismatch,W2,W1,Mismatch,HR Essentials,HR Operations,Mismatch,LVP-01,LVP-01,Match,2.1,2.1,Match,,,,Yes,Yes,Match,No,Covered,Traced,Verified,"priority: GenAI 'Low', matrix 'Medium'; due stage: GenAI 'W1', matrix 'W2'; module category: GenAI 'HR Operations', matrix 'HR Essentials' (LVP-01 §2.1)."
P-E007 v1,Sofia Petrova,SEE,R-LVP-01-002,LVP-01 §2.4,Yes,Yes,Match,Yes,Yes,Match,Medium,Low,Mismatch,W2,W1,Mismatch,HR Essentials,HR Operations,Mismatch,LVP-01,LVP-01,Match,2.4,2.4,Match,,,,Yes,Yes,Match,No,Covered,Traced,Verified,"priority: GenAI 'Low', matrix 'Medium'; due stage: GenAI 'W1', matrix 'W2'; module category: GenAI 'HR Operations', matrix 'HR Essentials' (LVP-01 §2.4)."
P-E007 v1,Sofia Petrova,SEE,R-LVP-01-003,LVP-01 §3.1,Yes,Yes,Match,Yes,Yes,Match,High,Medium,Mismatch,D1,W1,Mismatch,HR Essentials,HR Operations,Mismatch,LVP-01,LVP-01,Match,3.1,3.1,Match,,,,Yes,Yes,Match,No,Covered,Traced,Verified with Warning,"priority: GenAI 'Medium', matrix 'High'; due stage: GenAI 'W1', matrix 'D1'; module category: GenAI 'HR Operations', matrix 'HR Essentials' (LVP-01 §3.1)."
P-E007 v1,Sofia Petrova,SEE,R-LVP-01-004,LVP-01 §3.3,Yes,Yes,Match,Yes,Yes,Match,Medium,Medium,Match,W2,W1,Mismatch,HR Essentials,HR Operations,Mismatch,LVP-01,LVP-01,Match,3.3,3.4,Mismatch,,,,Yes,Yes,Match,No,Covered,Traced,Verified with Warning,"due stage: GenAI 'W1', matrix 'W2'; module category: GenAI 'HR Operations', matrix 'HR Essentials'; source section: GenAI '3.4', matrix '3.3' (LVP-01 §3.3)."
P-E007 v1,Sofia Petrova,SEE,R-LVP-01-005,LVP-01 §4.2,Yes,Yes,Match,Yes,Yes,Match,Medium,Medium,Match,W2,W1,Mismatch,HR Essentials,HR Operations,Mismatch,LVP-01,LVP-01,Match,4.2,4.2,Match,,,,Yes,Yes,Match,No,Covered,Traced,Verified,"due stage: GenAI 'W1', matrix 'W2'; module category: GenAI 'HR Operations', matrix 'HR Essentials' (LVP-01 §4.2)."
P-E007 v1,Sofia Petrova,SEE,R-MEM-01-002,MEM-01 §para 4,Yes,Yes,Match,No,Yes,Mismatch,Low,Medium,Mismatch,D30,D1,Mismatch,Workplace Conduct,Workplace Conduct,Match,MEM-01,MEM-01,Match,para 4,para 4,Match,,,,,,,No,Included,Traced,Partially Verified,"mandatory status: GenAI True, matrix False; priority: GenAI 'Medium', matrix 'Low'; due stage: GenAI 'D1', matrix 'D30' (MEM-01 §para 4)."
P-E007 v1,Sofia Petrova,SEE,R-REV-01-001,REV-01 §2.1,No,Yes,Mismatch,,,,,,,,,,,,,,,,,,,,,,,,,No,Included,Traced,Unsupported Requirement,"GenAI included R-REV-01-001, but the matrix does not expect it for this employee (another role or a condition that does not apply)."
P-E007 v1,Sofia Petrova,SEE,R-REV-01-002,REV-01 §2.4,Yes,Yes,Match,Yes,Yes,Match,Medium,High,Mismatch,W2,W1,Mismatch,Revenue Management,Revenue Management,Match,REV-01,REV-01,Match,2.4,2.4,Match,,,,Yes,Yes,Match,No,Covered,Traced,Verified,"priority: GenAI 'High', matrix 'Medium'; due stage: GenAI 'W1', matrix 'W2' (REV-01 §2.4)."
P-E007 v1,Sofia Petrova,SEE,R-REV-01-003,REV-01 §3.4,No,Yes,Mismatch,,,,,,,,,,,,,,,,,,,,,,,,,No,Included,Traced,Unsupported Requirement,"GenAI included R-REV-01-003, but the matrix does not expect it for this employee (another role or a condition that does not apply)."
P-E007 v1,Sofia Petrova,SEE,R-REV-01-005,REV-01 §4.3,Yes,No,Mismatch,,,,,,,,,,,,,,,,,,,,,,,,,No,Missing,Traced,Requirement Missing,"The matrix expects R-REV-01-005 (mandatory, REV-01 §4.3); GenAI left it out."
P-E007 v1,Sofia Petrova,SEE,R-REV-01-006,REV-01 §5.1,Yes,Yes,Match,Yes,Yes,Match,Medium,High,Mismatch,W2,W1,Mismatch,Revenue Management,Sales & Events,Mismatch,REV-01,REV-01,Match,5.1,5.1,Match,,,,Yes,Yes,Match,No,Covered,Traced,Verified,"priority: GenAI 'High', matrix 'Medium'; due stage: GenAI 'W1', matrix 'W2'; module category: GenAI 'Sales & Events', matrix 'Revenue Management' (REV-01 §5.1)."
P-E007 v1,Sofia Petrova,SEE,R-ROL-02-005,ROL-02 §3.3,Yes,Yes,Match,Yes,Yes,Match,Medium,High,Mismatch,W2,D30,Mismatch,Sales & Events,Sales & Events,Match,ROL-02,ROL-02,Match,3.3,3.3,Match,,,,Yes,Yes,Match,No,Covered,Traced,Verified,"priority: GenAI 'High', matrix 'Medium'; due stage: GenAI 'D30', matrix 'W2' (ROL-02 §3.3)."
P-E007 v1,Sofia Petrova,SEE,R-ROL-02-006,ROL-02 §3.4,Yes,Yes,Match,Yes,Yes,Match,Medium,High,Mismatch,W1,W2,Mismatch,Sales & Events,Sales & Events,Match,ROL-02,ROL-02,Match,3.4,3.4,Match,,,,,,,No,Covered,Traced,Verified,"priority: GenAI 'High', matrix 'Medium'; due stage: GenAI 'W2', matrix 'W1' (ROL-02 §3.4)."
P-E007 v1,Sofia Petrova,SEE,R-SAL-01-001,SAL-01 §2.1,Yes,Yes,Match,Yes,Yes,Match,Medium,High,Mismatch,W2,D1,Mismatch,Sales & Events,Sales & Events,Match,SAL-01,SAL-01,Match,2.1,2.1,Match,,,,Yes,Yes,Match,No,Covered,Traced,Verified,"priority: GenAI 'High', matrix 'Medium'; due stage: GenAI 'D1', matrix 'W2' (SAL-01 §2.1)."
P-E007 v1,Sofia Petrova,SEE,R-SAL-01-002,SAL-01 §3.2,Yes,Yes,Match,Yes,Yes,Match,Medium,High,Mismatch,W2,W1,Mismatch,Sales & Events,Sales & Events,Match,SAL-01,SAL-01,Match,3.2,3.2,Match,,,,Yes,Yes,Match,No,Covered,Traced,Verified,"priority: GenAI 'High', matrix 'Medium'; due stage: GenAI 'W1', matrix 'W2' (SAL-01 §3.2)."
P-E007 v1,Sofia Petrova,SEE,R-SAL-01-003,SAL-01 §4.1,Yes,Yes,Match,Yes,Yes,Match,Medium,High,Mismatch,W2,W1,Mismatch,Sales & Events,Sales & Events,Match,SAL-01,SAL-01,Match,4.1,4.1,Match,,,,Yes,Yes,Match,No,Covered,Traced,Verified,"priority: GenAI 'High', matrix 'Medium'; due stage: GenAI 'W1', matrix 'W2' (SAL-01 §4.1)."
P-E007 v1,Sofia Petrova,SEE,R-SAL-01-004,SAL-01 §4.4,Yes,Yes,Match,Yes,Yes,Match,Medium,High,Mismatch,W2,W1,Mismatch,Sales & Events,Sales & Events,Match,SAL-01,SAL-01,Match,4.4,4.4,Match,,,,Yes,Yes,Match,No,Covered,Traced,Verified,"priority: GenAI 'High', matrix 'Medium'; due stage: GenAI 'W1', matrix 'W2' (SAL-01 §4.4)."
P-E007 v1,Sofia Petrova,SEE,R-SAL-01-005,SAL-01 §5.1,Yes,Yes,Match,Yes,Yes,Match,Medium,High,Mismatch,W2,W2,Match,Sales & Events,Sales & Events,Match,SAL-01,SAL-01,Match,5.1,5.1,Match,Yes,Yes,Match,Yes,Yes,Match,No,Covered,Traced,Verified,"priority: GenAI 'High', matrix 'Medium' (SAL-01 §5.1)."
P-E007 v1,Sofia Petrova,SEE,R-SAL-01-006,SAL-01 §6.2,Yes,Yes,Match,No,No,Match,Low,Medium,Mismatch,D30,D30,Match,Sales & Events,Sales & Events,Match,SAL-01,SAL-01,Match,6.2,6.2,Match,,,,,,,No,Included,Traced,Verified,"priority: GenAI 'Medium', matrix 'Low' (SAL-01 §6.2)."
P-E011 v3,Karim Mansour,DMG,R-CMP-01-001,CMP-01 §2.1,Yes,Yes,Match,Yes,Yes,Match,High,High,Match,D1,D1,Match,Fire & Life Safety,Fire & Life Safety,Match,CMP-01,CMP-01,Match,2.1,2.1,Match,,,,Yes,Yes,Match,Yes,Covered,Traced,Verified,GenAI and the matrix agree on every compared field.
P-E011 v3,Karim Mansour,DMG,R-CMP-01-002,CMP-01 §2.2,Yes,Yes,Match,Yes,Yes,Match,High,High,Match,W1,W1,Match,Data Privacy,Data Privacy,Match,CMP-01,CMP-01,Match,2.2,2.2,Match,,,,,,,Yes,Covered,Traced,Verified,GenAI and the matrix agree on every compared field.
P-E011 v3,Karim Mansour,DMG,R-CMP-01-003,CMP-01 §2.3,Yes,Yes,Match,Yes,Yes,Match,High,High,Match,W1,W1,Match,General,Information Security,Mismatch,CMP-01,CMP-01,Match,2.3,2.3,Match,,,,,,,No,Covered,Traced,Verified,"module category: GenAI 'Information Security', matrix 'General' (CMP-01 §2.3)."
P-E011 v3,Karim Mansour,DMG,R-CMP-01-004,CMP-01 §3.1,Yes,Yes,Match,Yes,Yes,Match,Medium,High,Mismatch,D30,D30,Match,Company Orientation,Company Orientation,Match,CMP-01,CMP-01,Match,3.1,3.1,Match,,,,Yes,Yes,Match,No,Covered,Traced,Verified,"priority: GenAI 'High', matrix 'Medium' (CMP-01 §3.1)."
P-E011 v3,Karim Mansour,DMG,R-CMP-01-005,CMP-01 §3.3,Yes,Yes,Match,Yes,Yes,Match,Medium,Medium,Match,W2,D30,Mismatch,Company Orientation,HR Operations,Mismatch,CMP-01,CMP-01,Match,3.3,3.3,Match,,,,Yes,Yes,Match,No,Covered,Traced,Verified,"due stage: GenAI 'D30', matrix 'W2'; module category: GenAI 'HR Operations', matrix 'Company Orientation' (CMP-01 §3.3)."
P-E011 v3,Karim Mansour,DMG,R-CMP-01-006,CMP-01 §4.1,Yes,Yes,Match,Yes,Yes,Match,High,High,Match,D1,D1,Match,Finance Operations,Finance Operations,Match,CMP-01,CMP-01,Match,4.1,4.1,Match,,,,,,,Yes,Covered,Traced,Verified,GenAI and the matrix agree on every compared field.
P-E011 v3,Karim Mansour,DMG,R-COC-01-001,COC-01 §1.3,Yes,Yes,Match,Yes,Yes,Match,High,High,Match,D1,D1,Match,Workplace Conduct,Workplace Conduct,Match,COC-01,COC-01,Match,1.3,1.3,Match,,,,,,,Yes,Covered,Traced,Verified,GenAI and the matrix agree on every compared field.
P-E011 v3,Karim Mansour,DMG,R-COC-01-002,COC-01 §2.1,Yes,Yes,Match,Yes,Yes,Match,High,High,Match,W1,D1,Mismatch,Workplace Conduct,Workplace Conduct,Match,COC-01,COC-01,Match,2.1,2.1,Match,,,,Yes,Yes,Match,No,Covered,Traced,Verified,"due stage: GenAI 'D1', matrix 'W1' (COC-01 §2.1)."
P-E011 v3,Karim Mansour,DMG,R-COC-01-003,COC-01 §3.2,Yes,Yes,Match,Yes,Yes,Match,Medium,Medium,Match,W2,W1,Mismatch,Workplace Conduct,Workplace Conduct,Match,COC-01,COC-01,Match,3.2,3.2,Match,,,,Yes,Yes,Match,No,Covered,Traced,Verified,"due stage: GenAI 'W1', matrix 'W2' (COC-01 §3.2)."
P-E011 v3,Karim Mansour,DMG,R-COC-01-004,COC-01 §4.1,Yes,Yes,Match,Yes,Yes,Match,Medium,High,Mismatch,W2,D1,Mismatch,Workplace Conduct,Company Orientation,Mismatch,COC-01,COC-01,Match,4.1,4.1,Match,,,,Yes,Yes,Match,No,Covered,Traced,Verified,"priority: GenAI 'High', matrix 'Medium'; due stage: GenAI 'D1', matrix 'W2'; module category: GenAI 'Company Orientation', matrix 'Workplace Conduct' (COC-01 §4.1)."
P-E011 v3,Karim Mansour,DMG,R-COC-01-006,COC-01 §5.1,Yes,Yes,Match,Yes,Yes,Match,High,High,Match,W1,D1,Mismatch,Incident Management,Information Security,Mismatch,COC-01,COC-01,Match,5.1,5.1,Match,,,,Yes,Yes,Match,No,Covered,Traced,Verified,"due stage: GenAI 'D1', matrix 'W1'; module category: GenAI 'Information Security', matrix 'Incident Management' (COC-01 §5.1)."
P-E011 v3,Karim Mansour,DMG,R-COC-01-007,COC-01 §6.3,Yes,Yes,Match,Yes,Yes,Match,Medium,Medium,Match,W2,W1,Mismatch,Workplace Conduct,HR Operations,Mismatch,COC-01,COC-01,Match,6.3,6.3,Match,,,,Yes,Yes,Match,No,Covered,Traced,Verified,"due stage: GenAI 'W1', matrix 'W2'; module category: GenAI 'HR Operations', matrix 'Workplace Conduct' (COC-01 §6.3)."
P-E011 v3,Karim Mansour,DMG,R-ESC-01-001,ESC-01 §2.1,Yes,Yes,Match,Yes,Yes,Match,High,High,Match,W1,D1,Mismatch,Health & Safety,Incident Management,Mismatch,ESC-01,ESC-01,Match,2.1,2.1,Match,,,,Yes,Yes,Match,No,Covered,Traced,Verified with Warning,"due stage: GenAI 'D1', matrix 'W1'; module category: GenAI 'Incident Management', matrix 'Health & Safety' (ESC-01 §2.1)."
P-E011 v3,Karim Mansour,DMG,R-ESC-01-003,ESC-01 §3.1,Yes,Yes,Match,Yes,Yes,Match,High,High,Match,W1,D1,Mismatch,Incident Management,Incident Management,Match,ESC-01,ESC-01,Match,3.1,3.1,Match,,,,Yes,Yes,Match,No,Covered,Traced,Verified,"due stage: GenAI 'D1', matrix 'W1' (ESC-01 §3.1)."
P-E011 v3,Karim Mansour,DMG,R-ESC-01-004,ESC-01 §3.2,Yes,Yes,Match,Yes,Yes,Match,High,High,Match,W1,D1,Mismatch,Incident Management,Incident Management,Match,ESC-01,ESC-01,Match,3.2,3.2,Match,,,,,,,No,Covered,Traced,Verified,"due stage: GenAI 'D1', matrix 'W1' (ESC-01 §3.2)."
P-E011 v3,Karim Mansour,DMG,R-ESC-01-005,ESC-01 §4.1,Yes,Yes,Match,Yes,Yes,Match,High,Medium,Mismatch,W1,D1,Mismatch,Incident Management,Workplace Conduct,Mismatch,ESC-01,ESC-01,Match,4.1,4.1,Match,,,,Yes,Yes,Match,No,Covered,Traced,Verified,"priority: GenAI 'Medium', matrix 'High'; due stage: GenAI 'D1', matrix 'W1'; module category: GenAI 'Workplace Conduct', matrix 'Incident Management' (ESC-01 §4.1)."
P-E011 v3,Karim Mansour,DMG,R-ESC-01-006,ESC-01 §5.2,Yes,Yes,Match,Yes,Yes,Match,High,Medium,Mismatch,W2,W2,Match,Incident Management,Incident Management,Match,ESC-01,ESC-01,Match,5.2,5.2,Match,,,,,,,No,Covered,Traced,Verified,"priority: GenAI 'Medium', matrix 'High' (ESC-01 §5.2)."
P-E011 v3,Karim Mansour,DMG,R-FAQ-01-002,FAQ-01 §Q7,Yes,Yes,Match,Yes,Yes,Match,Medium,Medium,Match,W2,D1,Mismatch,Workplace Conduct,Workplace Conduct,Match,FAQ-01,FAQ-01,Match,Q7,Q7,Match,,,,Yes,Yes,Match,No,Covered,Traced,Verified,"due stage: GenAI 'D1', matrix 'W2' (FAQ-01 §Q7)."
P-E011 v3,Karim Mansour,DMG,R-FAQ-01-004,FAQ-01 §Q15,Yes,Yes,Match,No,No,Match,Low,Low,Match,D30,W1,Mismatch,General,Front Office Operations,Mismatch,FAQ-01,FAQ-01,Match,Q15,Q15,Match,,,,,,,No,Included,Traced,Verified,"due stage: GenAI 'W1', matrix 'D30'; module category: GenAI 'Front Office Operations', matrix 'General' (FAQ-01 §Q15)."
P-E011 v3,Karim Mansour,DMG,R-FIN-01-001,FIN-01 §2.1,Yes,Yes,Match,Yes,Yes,Match,Medium,Medium,Match,W2,W1,Mismatch,Finance Operations,Finance Operations,Match,FIN-01,FIN-01,Match,2.1,2.1,Match,,,,Yes,Yes,Match,No,Covered,Traced,Verified,"due stage: GenAI 'W1', matrix 'W2' (FIN-01 §2.1)."
P-E011 v3,Karim Mansour,DMG,R-FIN-01-002,FIN-01 §2.4,Yes,Yes,Match,Yes,Yes,Match,Medium,Medium,Match,W2,W1,Mismatch,Finance Operations,Finance Operations,Match,FIN-01,FIN-01,Match,2.4,2.4,Match,,,,Yes,Yes,Match,No,Covered,Traced,Verified,"due stage: GenAI 'W1', matrix 'W2' (FIN-01 §2.4)."
P-E011 v3,Karim Mansour,DMG,R-FIN-01-003,FIN-01 §3.1,Yes,Yes,Match,Yes,Yes,Match,Medium,Medium,Match,W2,W2,Match,Finance Operations,Finance Operations,Match,FIN-01,FIN-01,Match,3.1,3.1,Match,,,,Yes,Yes,Match,Yes,Covered,Traced,Verified,GenAI and the matrix agree on every compared field.
P-E011 v3,Karim Mansour,DMG,R-FIN-01-004,FIN-01 §4.2,Yes,Yes,Match,Yes,Yes,Match,Medium,Low,Mismatch,D30,D30,Match,Finance Operations,Finance Operations,Match,FIN-01,FIN-01,Match,4.2,4.2,Match,,,,Yes,Yes,Match,No,Covered,Traced,Verified,"priority: GenAI 'Low', matrix 'Medium' (FIN-01 §4.2)."
P-E011 v3,Karim Mansour,DMG,R-FIN-01-005,FIN-01 §5.2,Yes,No,Mismatch,,,,,,,,,,,,,,,,,,,,,,,,,No,Missing,Traced,Requirement Missing,"The matrix expects R-FIN-01-005 (mandatory, FIN-01 §5.2); GenAI left it out."
P-E011 v3,Karim Mansour,DMG,R-FLS-01-001,FLS-01 §1.2,Yes,Yes,Match,Yes,Yes,Match,High,High,Match,D1,D1,Match,Fire & Life Safety,Fire & Life Safety,Match,FLS-01,FLS-01,Match,1.2,1.2,Match,,,,,,,Yes,Covered,Traced,Verified,GenAI and the matrix agree on every compared field.
P-E011 v3,Karim Mansour,DMG,R-FLS-01-002,FLS-01 §1.3,Yes,Yes,Match,Yes,Yes,Match,High,High,Match,W1,D1,Mismatch,Fire & Life Safety,Fire & Life Safety,Match,FLS-01,FLS-01,Match,1.3,1.3,Match,,,,Yes,Yes,Match,No,Covered,Traced,Verified,"due stage: GenAI 'D1', matrix 'W1' (FLS-01 §1.3)."
P-E011 v3,Karim Mansour,DMG,R-FLS-01-003,FLS-01 §2.1,Yes,Yes,Match,Yes,Yes,Match,High,High,Match,W1,D1,Mismatch,Fire & Life Safety,Fire & Life Safety,Match,FLS-01,FLS-01,Match,2.1,2.1,Match,,,,Yes,Yes,Match,No,Covered,Traced,Verified,"due stage: GenAI 'D1', matrix 'W1' (FLS-01 §2.1)."
P-E011 v3,Karim Mansour,DMG,R-FLS-01-004,FLS-01 §3.1,Yes,Yes,Match,Yes,Yes,Match,High,Medium,Mismatch,D90,D30,Mismatch,Fire & Life Safety,Fire & Life Safety,Match,FLS-01,FLS-01,Match,3.1,3.1,Match,,,,,,,No,Covered,Traced,Verified with Warning,"priority: GenAI 'Medium', matrix 'High'; due stage: GenAI 'D30', matrix 'D90' (FLS-01 §3.1)."
P-E011 v3,Karim Mansour,DMG,R-FLS-01-005,FLS-01 §3.4,Yes,Yes,Match,Yes,Yes,Match,High,High,Match,W2,W1,Mismatch,Fire & Life Safety,Fire & Life Safety,Match,FLS-01,FLS-01,Match,3.4,3.4,Match,Yes,Yes,Match,Yes,Yes,Match,No,Covered,Traced,Verified,"due stage: GenAI 'W1', matrix 'W2' (FLS-01 §3.4)."
P-E011 v3,Karim Mansour,DMG,R-FLS-01-006,FLS-01 §4.2,Yes,Yes,Match,Yes,Yes,Match,High,High,Match,W1,D1,Mismatch,Fire & Life Safety,Front Office Operations,Mismatch,FLS-01,FLS-01,Match,4.2,4.2,Match,,,,Yes,Yes,Match,No,Covered,Traced,Verified,"due stage: GenAI 'D1', matrix 'W1'; module category: GenAI 'Front Office Operations', matrix 'Fire & Life Safety' (FLS-01 §4.2)."
P-E011 v3,Karim Mansour,DMG,R-FLS-01-007,FLS-01 §5.1,No,Yes,Mismatch,,,,,,,,,,,,,,,,,,,,,,,,,No,Included,Traced,Unsupported Requirement,"GenAI included R-FLS-01-007, but the matrix does not expect it for this employee (another role or a condition that does not apply)."
P-E011 v3,Karim Mansour,DMG,R-GDP-01-001,GDP-01 §2.1,Yes,Yes,Match,Yes,Yes,Match,High,High,Match,W1,W1,Match,Data Privacy,Data Privacy,Match,GDP-01,GDP-01,Match,2.1,2.1,Match,,,,,,,Yes,Covered,Traced,Verified,GenAI and the matrix agree on every compared field.
P-E011 v3,Karim Mansour,DMG,R-GDP-01-002,GDP-01 §3.1,Yes,Yes,Match,Yes,Yes,Match,High,High,Match,W1,D1,Mismatch,Data Privacy,Data Privacy,Match,GDP-01,GDP-01,Match,3.1,3.1,Match,,,,Yes,Yes,Match,No,Covered,Traced,Verified,"due stage: GenAI 'D1', matrix 'W1' (GDP-01 §3.1)."
P-E011 v3,Karim Mansour,DMG,R-GDP-01-003,GDP-01 §4.1,Yes,Yes,Match,Yes,Yes,Match,High,High,Match,W1,D1,Mismatch,Data Privacy,Front Office Operations,Mismatch,GDP-01,GDP-01,Match,4.1,4.1,Match,,,,Yes,Yes,Match,No,Covered,Traced,Verified,"due stage: GenAI 'D1', matrix 'W1'; module category: GenAI 'Front Office Operations', matrix 'Data Privacy' (GDP-01 §4.1)."
P-E011 v3,Karim Mansour,DMG,R-GDP-01-004,GDP-01 §4.2,Yes,Yes,Match,Yes,Yes,Match,High,High,Match,W1,D30,Mismatch,Data Privacy,Front Office Operations,Mismatch,GDP-01,GDP-01,Match,4.2,4.2,Match,,,,Yes,Yes,Match,No,Covered,Traced,Verified,"due stage: GenAI 'D30', matrix 'W1'; module category: GenAI 'Front Office Operations', matrix 'Data Privacy' (GDP-01 §4.2)."
P-E011 v3,Karim Mansour,DMG,R-GDP-01-005,GDP-01 §5.1,Yes,Yes,Match,Yes,Yes,Match,High,High,Match,W1,D1,Mismatch,Data Privacy,Front Office Operations,Mismatch,GDP-01,GDP-01,Match,5.1,5.1,Match,,,,Yes,Yes,Match,No,Covered,Traced,Verified,"due stage: GenAI 'D1', matrix 'W1'; module category: GenAI 'Front Office Operations', matrix 'Data Privacy' (GDP-01 §5.1)."
P-E011 v3,Karim Mansour,DMG,R-GDP-01-007,GDP-01 §6.1,Yes,Yes,Match,Yes,Yes,Match,High,High,Match,W1,D1,Mismatch,HR Operations,Data Privacy,Mismatch,GDP-01,GDP-01,Match,6.1,6.1,Match,,,,Yes,Yes,Match,No,Covered,Traced,Verified,"due stage: GenAI 'D1', matrix 'W1'; module category: GenAI 'Data Privacy', matrix 'HR Operations' (GDP-01 §6.1)."
P-E011 v3,Karim Mansour,DMG,R-GDP-01-008,GDP-01 §7.1,Yes,Yes,Match,Yes,Yes,Match,High,High,Match,W1,D1,Mismatch,Data Privacy,Incident Management,Mismatch,GDP-01,GDP-01,Match,7.1,7.1,Match,,,,Yes,Yes,Match,No,Covered,Traced,Verified,"due stage: GenAI 'D1', matrix 'W1'; module category: GenAI 'Incident Management', matrix 'Data Privacy' (GDP-01 §7.1)."
P-E011 v3,Karim Mansour,DMG,R-GDP-01-009,GDP-01 §4.5,Yes,Yes,Match,Yes,Yes,Match,High,High,Match,W1,D1,Mismatch,Data Privacy,Data Privacy,Match,GDP-01,GDP-01,Match,4.5,4.5,Match,,,,Yes,Yes,Match,No,Covered,Traced,Verified,"due stage: GenAI 'D1', matrix 'W1' (GDP-01 §4.5)."
P-E011 v3,Karim Mansour,DMG,R-HBK-01-001,HBK-01 §1.2,Yes,Yes,Match,Yes,Yes,Match,High,High,Match,D1,D1,Match,Company Orientation,Company Orientation,Match,HBK-01,HBK-01,Match,1.2,1.2,Match,,,,,,,Yes,Covered,Traced,Verified,GenAI and the matrix agree on every compared field.
P-E011 v3,Karim Mansour,DMG,R-HBK-01-002,HBK-01 §2.1,Yes,Yes,Match,Yes,Yes,Match,High,High,Match,D1,D1,Match,Company Orientation,HR Essentials,Mismatch,HBK-01,HBK-01,Match,2.1,2.1,Match,,,,,,,No,Covered,Traced,Verified,"module category: GenAI 'HR Essentials', matrix 'Company Orientation' (HBK-01 §2.1)."
P-E011 v3,Karim Mansour,DMG,R-HBK-01-003,HBK-01 §2.4,Yes,Yes,Match,Yes,Yes,Match,Medium,High,Mismatch,W2,D1,Mismatch,Company Orientation,HR Essentials,Mismatch,HBK-01,HBK-01,Match,2.4,2.4,Match,,,,Yes,Yes,Match,No,Covered,Traced,Verified,"priority: GenAI 'High', matrix 'Medium'; due stage: GenAI 'D1', matrix 'W2'; module category: GenAI 'HR Essentials', matrix 'Company Orientation' (HBK-01 §2.4)."
P-E011 v3,Karim Mansour,DMG,R-HBK-01-004,HBK-01 §3.2,Yes,Yes,Match,No,No,Match,Low,Medium,Mismatch,D30,D30,Match,Company Orientation,Company Orientation,Match,HBK-01,HBK-01,Match,3.2,3.2,Match,,,,,,,No,Included,Traced,Verified,"priority: GenAI 'Medium', matrix 'Low' (HBK-01 §3.2)."
P-E011 v3,Karim Mansour,DMG,R-HRP-01-001,HRP-01 §2.1,Yes,Yes,Match,Yes,Yes,Match,Medium,High,Mismatch,W1,D1,Mismatch,HR Essentials,HR Operations,Mismatch,HRP-01,HRP-01,Match,2.1,2.1,Match,,,,,,,No,Covered,Traced,Verified,"priority: GenAI 'High', matrix 'Medium'; due stage: GenAI 'D1', matrix 'W1'; module category: GenAI 'HR Operations', matrix 'HR Essentials' (HRP-01 §2.1)."
P-E011 v3,Karim Mansour,DMG,R-HRP-01-002,HRP-01 §2.3,Yes,Yes,Match,Yes,Yes,Match,Medium,Medium,Match,W1,D30,Mismatch,Front Office Operations,HR Operations,Mismatch,HRP-01,HRP-01,Match,2.3,2.3,Match,,,,,,,No,Covered,Traced,Verified,"due stage: GenAI 'D30', matrix 'W1'; module category: GenAI 'HR Operations', matrix 'Front Office Operations' (HRP-01 §2.3)."
P-E011 v3,Karim Mansour,DMG,R-HRP-01-003,HRP-01 §3.1,Yes,Yes,Match,Yes,Yes,Match,Medium,High,Mismatch,W2,D1,Mismatch,HR Essentials,HR Operations,Mismatch,HRP-01,HRP-01,Match,3.1,3.1,Match,,,,Yes,Yes,Match,No,Covered,Traced,Verified,"priority: GenAI 'High', matrix 'Medium'; due stage: GenAI 'D1', matrix 'W2'; module category: GenAI 'HR Operations', matrix 'HR Essentials' (HRP-01 §3.1)."
P-E011 v3,Karim Mansour,DMG,R-HRP-01-004,HRP-01 §3.4,Yes,Yes,Match,Yes,Yes,Match,Medium,Medium,Match,W2,W1,Mismatch,HR Essentials,HR Operations,Mismatch,HRP-01,HRP-01,Match,3.4,3.4,Match,,,,Yes,Yes,Match,No,Covered,Traced,Verified,"due stage: GenAI 'W1', matrix 'W2'; module category: GenAI 'HR Operations', matrix 'HR Essentials' (HRP-01 §3.4)."
P-E011 v3,Karim Mansour,DMG,R-HRP-01-005,HRP-01 §4.2,Yes,Yes,Match,Yes,Yes,Match,Medium,High,Mismatch,W2,D1,Mismatch,HR Essentials,HR Operations,Mismatch,HRP-01,HRP-01,Match,4.2,4.2,Match,,,,Yes,Yes,Match,No,Covered,Traced,Verified,"priority: GenAI 'High', matrix 'Medium'; due stage: GenAI 'D1', matrix 'W2'; module category: GenAI 'HR Operations', matrix 'HR Essentials' (HRP-01 §4.2)."
P-E011 v3,Karim Mansour,DMG,R-HRP-01-006,HRP-01 §5.1,Yes,Yes,Match,Yes,Yes,Match,Medium,Medium,Match,W2,W1,Mismatch,HR Essentials,HR Operations,Mismatch,HRP-01,HRP-01,Match,5.1,5.1,Match,,,,Yes,Yes,Match,No,Covered,Traced,Verified,"due stage: GenAI 'W1', matrix 'W2'; module category: GenAI 'HR Operations', matrix 'HR Essentials' (HRP-01 §5.1)."
P-E011 v3,Karim Mansour,DMG,R-HRP-01-007,HRP-01 §6.2,Yes,Yes,Match,No,No,Match,Low,Low,Match,D30,D90,Mismatch,HR Essentials,HR Operations,Mismatch,HRP-01,HRP-01,Match,6.2,6.2,Match,,,,,,,No,Included,Traced,Verified,"due stage: GenAI 'D90', matrix 'D30'; module category: GenAI 'HR Operations', matrix 'HR Essentials' (HRP-01 §6.2)."
P-E011 v3,Karim Mansour,DMG,R-HSP-01-002,HSP-01 §3.1,Yes,Yes,Match,Yes,Yes,Match,High,Medium,Mismatch,W1,W1,Match,Health & Safety,Health & Safety,Match,HSP-01,HSP-01,Match,3.1,3.1,Match,,,,Yes,Yes,Match,No,Covered,Traced,Verified,"priority: GenAI 'Medium', matrix 'High' (HSP-01 §3.1)."
P-E011 v3,Karim Mansour,DMG,R-HSP-01-003,HSP-01 §3.3,Yes,Yes,Match,Yes,Yes,Match,High,Medium,Mismatch,W1,W1,Match,Health & Safety,Health & Safety,Match,HSP-01,HSP-01,Match,3.3,3.3,Match,,,,,,,No,Covered,Traced,Verified,"priority: GenAI 'Medium', matrix 'High' (HSP-01 §3.3)."
P-E011 v3,Karim Mansour,DMG,R-HSP-01-004,HSP-01 §4.1,Yes,Yes,Match,Yes,Yes,Match,High,Medium,Mismatch,W1,D1,Mismatch,Health & Safety,Health & Safety,Match,HSP-01,HSP-01,Match,4.1,4.1,Match,,,,Yes,Yes,Match,No,Covered,Traced,Verified,"priority: GenAI 'Medium', matrix 'High'; due stage: GenAI 'D1', matrix 'W1' (HSP-01 §4.1)."
P-E011 v3,Karim Mansour,DMG,R-HSP-01-005,HSP-01 §5.2,Yes,Yes,Match,Yes,Yes,Match,High,High,Match,W1,D1,Mismatch,Health & Safety,Health & Safety,Match,HSP-01,HSP-01,Match,5.2,5.2,Match,,,,Yes,Yes,Match,No,Covered,Traced,Verified,"due stage: GenAI 'D1', matrix 'W1' (HSP-01 §5.2)."
P-E011 v3,Karim Mansour,DMG,R-HSP-01-007,HSP-01 §5.5,Yes,Yes,Match,Yes,Yes,Match,High,High,Match,W1,D1,Mismatch,Health & Safety,Health & Safety,Match,HSP-01,HSP-01,Match,5.5,5.5,Match,,,,Yes,Yes,Match,No,Covered,Traced,Verified,"due stage: GenAI 'D1', matrix 'W1' (HSP-01 §5.5)."
P-E011 v3,Karim Mansour,DMG,R-ISP-01-001,ISP-01 §2.1,Yes,Yes,Match,Yes,Yes,Match,High,High,Match,W1,D1,Mismatch,Information Security,Information Security,Match,ISP-01,ISP-01,Match,2.1,2.1,Match,,,,,,,No,Covered,Traced,Verified,"due stage: GenAI 'D1', matrix 'W1' (ISP-01 §2.1)."
P-E011 v3,Karim Mansour,DMG,R-ISP-01-002,ISP-01 §3.1,Yes,Yes,Match,Yes,Yes,Match,High,High,Match,W1,D1,Mismatch,Information Security,Information Security,Match,ISP-01,ISP-01,Match,3.1,3.1,Match,,,,Yes,Yes,Match,No,Covered,Traced,Verified,"due stage: GenAI 'D1', matrix 'W1' (ISP-01 §3.1)."
P-E011 v3,Karim Mansour,DMG,R-ISP-01-003,ISP-01 §3.3,Yes,Yes,Match,Yes,Yes,Match,High,High,Match,W1,D1,Mismatch,Information Security,Information Security,Match,ISP-01,ISP-01,Match,3.3,3.3,Match,,,,,,,No,Covered,Traced,Verified with Warning,"due stage: GenAI 'D1', matrix 'W1' (ISP-01 §3.3)."
P-E011 v3,Karim Mansour,DMG,R-ISP-01-004,ISP-01 §3.5,Yes,Yes,Match,Yes,Yes,Match,High,High,Match,W1,D1,Mismatch,Information Security,Information Security,Match,ISP-01,ISP-01,Match,3.5,3.5,Match,,,,Yes,Yes,Match,No,Covered,Traced,Verified,"due stage: GenAI 'D1', matrix 'W1' (ISP-01 §3.5)."
P-E011 v3,Karim Mansour,DMG,R-ISP-01-005,ISP-01 §4.2,Yes,Yes,Match,Yes,Yes,Match,High,High,Match,W1,D1,Mismatch,Information Security,Information Security,Match,ISP-01,ISP-01,Match,4.2,4.2,Match,,,,Yes,Yes,Match,No,Covered,Traced,Verified,"due stage: GenAI 'D1', matrix 'W1' (ISP-01 §4.2)."
P-E011 v3,Karim Mansour,DMG,R-ISP-01-006,ISP-01 §5.1,Yes,Yes,Match,Yes,Yes,Match,High,High,Match,W1,D1,Mismatch,Information Security,Information Security,Match,ISP-01,ISP-01,Match,5.1,5.1,Match,,,,Yes,Yes,Match,No,Covered,Traced,Verified,"due stage: GenAI 'D1', matrix 'W1' (ISP-01 §5.1)."
P-E011 v3,Karim Mansour,DMG,R-ISP-01-007,ISP-01 §6.2,Yes,Yes,Match,Yes,Yes,Match,High,High,Match,W1,D1,Mismatch,Information Security,Information Security,Match,ISP-01,ISP-01,Match,6.2,6.2,Match,,,,Yes,Yes,Match,No,Covered,Traced,Verified,"due stage: GenAI 'D1', matrix 'W1' (ISP-01 §6.2)."
P-E011 v3,Karim Mansour,DMG,R-ISP-01-008,ISP-01 §7.1,Yes,Yes,Match,Yes,Yes,Match,High,High,Match,W1,D1,Mismatch,Incident Management,Information Security,Mismatch,ISP-01,ISP-01,Match,7.1,7.1,Match,,,,Yes,Yes,Match,No,Covered,Traced,Verified,"due stage: GenAI 'D1', matrix 'W1'; module category: GenAI 'Information Security', matrix 'Incident Management' (ISP-01 §7.1)."
P-E011 v3,Karim Mansour,DMG,R-ITA-01-001,ITA-01 §2.1,Yes,Yes,Match,Yes,Yes,Match,High,High,Match,W1,D1,Mismatch,Information Security,Information Security,Match,ITA-01,ITA-01,Match,2.1,2.1,Match,,,,Yes,Yes,Match,No,Covered,Traced,Verified,"due stage: GenAI 'D1', matrix 'W1' (ITA-01 §2.1)."
P-E011 v3,Karim Mansour,DMG,R-ITA-01-002,ITA-01 §2.3,Yes,Yes,Match,Yes,Yes,Match,Medium,High,Mismatch,W2,D1,Mismatch,IT & Systems,Information Security,Mismatch,ITA-01,ITA-01,Match,2.3,2.3,Match,,,,Yes,Yes,Match,No,Covered,Traced,Verified,"priority: GenAI 'High', matrix 'Medium'; due stage: GenAI 'D1', matrix 'W2'; module category: GenAI 'Information Security', matrix 'IT & Systems' (ITA-01 §2.3)."
P-E011 v3,Karim Mansour,DMG,R-ITA-01-004,ITA-01 §3.4,Yes,Yes,Match,Yes,Yes,Match,Medium,Medium,Match,W2,D1,Mismatch,IT & Systems,Information Security,Mismatch,ITA-01,ITA-01,Match,3.4,3.4,Match,,,,Yes,Yes,Match,No,Covered,Traced,Verified,"due stage: GenAI 'D1', matrix 'W2'; module category: GenAI 'Information Security', matrix 'IT & Systems' (ITA-01 §3.4)."
P-E011 v3,Karim Mansour,DMG,R-ITA-01-005,ITA-01 §4.1,Yes,Yes,Match,Yes,Yes,Match,Medium,Medium,Match,W2,D1,Mismatch,IT & Systems,Information Security,Mismatch,ITA-01,ITA-01,Match,4.1,4.1,Match,,,,Yes,Yes,Match,No,Covered,Traced,Verified,"due stage: GenAI 'D1', matrix 'W2'; module category: GenAI 'Information Security', matrix 'IT & Systems' (ITA-01 §4.1)."
P-E011 v3,Karim Mansour,DMG,R-ITA-01-006,ITA-01 §5.2,Yes,Yes,Match,No,No,Match,Low,Low,Match,D30,W2,Mismatch,IT & Systems,IT & Systems,Match,ITA-01,ITA-01,Match,5.2,5.2,Match,,,,,,,No,Included,Traced,Verified,"due stage: GenAI 'W2', matrix 'D30' (ITA-01 §5.2)."
P-E011 v3,Karim Mansour,DMG,R-LVP-01-001,LVP-01 §2.1,Yes,Yes,Match,Yes,Yes,Match,Medium,Medium,Match,W2,W1,Mismatch,HR Essentials,HR Operations,Mismatch,LVP-01,LVP-01,Match,2.1,2.1,Match,,,,Yes,Yes,Match,No,Covered,Traced,Verified,"due stage: GenAI 'W1', matrix 'W2'; module category: GenAI 'HR Operations', matrix 'HR Essentials' (LVP-01 §2.1)."
P-E011 v3,Karim Mansour,DMG,R-LVP-01-002,LVP-01 §2.4,Yes,Yes,Match,Yes,Yes,Match,Medium,Low,Mismatch,W2,D90,Mismatch,HR Essentials,HR Operations,Mismatch,LVP-01,LVP-01,Match,2.4,2.4,Match,,,,Yes,Yes,Match,No,Covered,Traced,Verified,"priority: GenAI 'Low', matrix 'Medium'; due stage: GenAI 'D90', matrix 'W2'; module category: GenAI 'HR Operations', matrix 'HR Essentials' (LVP-01 §2.4)."
P-E011 v3,Karim Mansour,DMG,R-LVP-01-003,LVP-01 §3.1,Yes,Yes,Match,Yes,Yes,Match,High,Medium,Mismatch,D1,W1,Mismatch,HR Essentials,HR Operations,Mismatch,LVP-01,LVP-01,Match,3.1,3.1,Match,,,,Yes,Yes,Match,No,Covered,Traced,Verified with Warning,"priority: GenAI 'Medium', matrix 'High'; due stage: GenAI 'W1', matrix 'D1'; module category: GenAI 'HR Operations', matrix 'HR Essentials' (LVP-01 §3.1)."
P-E011 v3,Karim Mansour,DMG,R-LVP-01-004,LVP-01 §3.3,Yes,Yes,Match,Yes,Yes,Match,Medium,Medium,Match,W2,W1,Mismatch,HR Essentials,HR Operations,Mismatch,LVP-01,LVP-01,Match,3.3,3.4,Mismatch,,,,Yes,Yes,Match,No,Covered,Traced,Verified with Warning,"due stage: GenAI 'W1', matrix 'W2'; module category: GenAI 'HR Operations', matrix 'HR Essentials'; source section: GenAI '3.4', matrix '3.3' (LVP-01 §3.3)."
P-E011 v3,Karim Mansour,DMG,R-LVP-01-005,LVP-01 §4.2,Yes,Yes,Match,Yes,Yes,Match,Medium,Medium,Match,W2,W1,Mismatch,HR Essentials,HR Operations,Mismatch,LVP-01,LVP-01,Match,4.2,4.2,Match,,,,Yes,Yes,Match,No,Covered,Traced,Verified,"due stage: GenAI 'W1', matrix 'W2'; module category: GenAI 'HR Operations', matrix 'HR Essentials' (LVP-01 §4.2)."
P-E011 v3,Karim Mansour,DMG,R-MEM-01-002,MEM-01 §para 4,Yes,Yes,Match,No,Yes,Mismatch,Low,Medium,Mismatch,D30,D1,Mismatch,Workplace Conduct,Workplace Conduct,Match,MEM-01,MEM-01,Match,para 4,para 4,Match,,,,,,,No,Included,Traced,Partially Verified,"mandatory status: GenAI True, matrix False; priority: GenAI 'Medium', matrix 'Low'; due stage: GenAI 'D1', matrix 'D30' (MEM-01 §para 4)."
P-E011 v3,Karim Mansour,DMG,R-PCH-01-001,PCH-01 §1.2,Yes,Yes,Match,Yes,Yes,Match,High,High,Match,W1,D1,Mismatch,Payment & Cash Handling,Payment & Cash Handling,Match,PCH-01,PCH-01,Match,1.2,1.2,Match,,,,,,,No,Covered,Traced,Verified,"due stage: GenAI 'D1', matrix 'W1' (PCH-01 §1.2)."
P-E011 v3,Karim Mansour,DMG,R-PCH-01-003,PCH-01 §2.3,Yes,Yes,Match,Yes,Yes,Match,High,High,Match,W1,D1,Mismatch,Payment & Cash Handling,Payment & Cash Handling,Match,PCH-01,PCH-01,Match,2.3,2.3,Match,,,,Yes,Yes,Match,No,Covered,Traced,Verified,"due stage: GenAI 'D1', matrix 'W1' (PCH-01 §2.3)."
P-E011 v3,Karim Mansour,DMG,R-PCH-01-004,PCH-01 §3.1,Yes,Yes,Match,Yes,Yes,Match,High,High,Match,W1,D1,Mismatch,Payment & Cash Handling,Payment & Cash Handling,Match,PCH-01,PCH-01,Match,3.1,3.1,Match,,,,Yes,Yes,Match,No,Covered,Traced,Verified,"due stage: GenAI 'D1', matrix 'W1' (PCH-01 §3.1)."
P-E011 v3,Karim Mansour,DMG,R-PCH-01-005,PCH-01 §3.4,Yes,Yes,Match,Yes,Yes,Match,High,High,Match,W1,D1,Mismatch,Payment & Cash Handling,Payment & Cash Handling,Match,PCH-01,PCH-01,Match,3.4,3.4,Match,,,,Yes,Yes,Match,No,Covered,Traced,Verified,"due stage: GenAI 'D1', matrix 'W1' (PCH-01 §3.4)."
P-E011 v3,Karim Mansour,DMG,R-PCH-01-006,PCH-01 §3.6,Yes,Yes,Match,Yes,Yes,Match,High,High,Match,W1,W1,Match,Payment & Cash Handling,Payment & Cash Handling,Match,PCH-01,PCH-01,Match,3.6,3.6,Match,,,,Yes,Yes,Match,Yes,Covered,Traced,Verified,GenAI and the matrix agree on every compared field.
P-E011 v3,Karim Mansour,DMG,R-PCH-01-007,PCH-01 §4.1,Yes,Yes,Match,Yes,Yes,Match,High,High,Match,W1,D1,Mismatch,Payment & Cash Handling,Payment & Cash Handling,Match,PCH-01,PCH-01,Match,4.1,4.1,Match,,,,Yes,Yes,Match,No,Covered,Traced,Verified,"due stage: GenAI 'D1', matrix 'W1' (PCH-01 §4.1)."
P-E011 v3,Karim Mansour,DMG,R-PCH-01-008,PCH-01 §5.2,No,Yes,Mismatch,,,,,,,,,,,,,,,,,,,,,,,,,No,Included,Traced,Unsupported Requirement,"GenAI included R-PCH-01-008, but the matrix does not expect it for this employee (another role or a condition that does not apply)."
P-E011 v3,Karim Mansour,DMG,R-PCH-01-009,PCH-01 §2.1,Yes,Yes,Match,Yes,Yes,Match,High,High,Match,W1,D1,Mismatch,Payment & Cash Handling,Payment & Cash Handling,Match,PCH-01,PCH-01,Match,2.1,2.1,Match,,,,Yes,Yes,Match,No,Covered,Traced,Verified,"due stage: GenAI 'D1', matrix 'W1' (PCH-01 §2.1)."
P-E011 v3,Karim Mansour,DMG,R-REV-01-002,REV-01 §2.4,Yes,Yes,Match,Yes,Yes,Match,Medium,High,Mismatch,W2,W1,Mismatch,Revenue Management,Revenue Management,Match,REV-01,REV-01,Match,2.4,2.4,Match,,,,Yes,Yes,Match,No,Covered,Traced,Verified,"priority: GenAI 'High', matrix 'Medium'; due stage: GenAI 'W1', matrix 'W2' (REV-01 §2.4)."
P-E011 v3,Karim Mansour,DMG,R-REV-01-003,REV-01 §3.4,Yes,Yes,Match,Yes,Yes,Match,Medium,High,Mismatch,W2,W1,Mismatch,Front Office Operations,Revenue Management,Mismatch,REV-01,REV-01,Match,3.4,3.4,Match,,,,Yes,Yes,Match,No,Covered,Traced,Verified,"priority: GenAI 'High', matrix 'Medium'; due stage: GenAI 'W1', matrix 'W2'; module category: GenAI 'Revenue Management', matrix 'Front Office Operations' (REV-01 §3.4)."
P-E011 v3,Karim Mansour,DMG,R-REV-01-005,REV-01 §4.3,Yes,No,Mismatch,,,,,,,,,,,,,,,,,,,,,,,,,No,Missing,Traced,Requirement Missing,"The matrix expects R-REV-01-005 (mandatory, REV-01 §4.3); GenAI left it out."
P-E011 v3,Karim Mansour,DMG,R-REV-01-006,REV-01 §5.1,Yes,No,Mismatch,,,,,,,,,,,,,,,,,,,,,,,,,No,Missing,Traced,Requirement Missing,"The matrix expects R-REV-01-006 (mandatory, REV-01 §5.1); GenAI left it out."
P-E011 v3,Karim Mansour,DMG,R-ROL-02-003,ROL-02 §2.3,Yes,Yes,Match,Yes,Yes,Match,High,High,Match,W1,D1,Mismatch,Incident Management,Front Office Operations,Mismatch,ROL-02,ROL-02,Match,2.3,2.3,Match,,,,Yes,Yes,Match,No,Covered,Traced,Verified,"due stage: GenAI 'D1', matrix 'W1'; module category: GenAI 'Front Office Operations', matrix 'Incident Management' (ROL-02 §2.3)."
P-E011 v3,Karim Mansour,DMG,R-ROL-02-004,ROL-02 §2.4,Yes,Yes,Match,Yes,Yes,Match,High,High,Match,W1,D1,Mismatch,Incident Management,Front Office Operations,Mismatch,ROL-02,ROL-02,Match,2.4,2.4,Match,,,,,,,No,Covered,Traced,Verified,"due stage: GenAI 'D1', matrix 'W1'; module category: GenAI 'Front Office Operations', matrix 'Incident Management' (ROL-02 §2.4)."
P-E011 v3,Karim Mansour,DMG,R-SOP-FO-01-001,SOP-FO-01 §2.1,Yes,Yes,Match,Yes,Yes,Match,Medium,High,Mismatch,W2,D1,Mismatch,Front Office Operations,Front Office Operations,Match,SOP-FO-01,SOP-FO-01,Match,2.1,2.1,Match,,,,Yes,Yes,Match,No,Covered,Traced,Verified,"priority: GenAI 'High', matrix 'Medium'; due stage: GenAI 'D1', matrix 'W2' (SOP-FO-01 §2.1)."
P-E011 v3,Karim Mansour,DMG,R-SOP-FO-01-002,SOP-FO-01 §2.4,Yes,Yes,Match,Yes,Yes,Match,Medium,Medium,Match,W2,D1,Mismatch,Front Office Operations,Front Office Operations,Match,SOP-FO-01,SOP-FO-01,Match,2.4,2.4,Match,,,,Yes,Yes,Match,No,Covered,Traced,Verified,"due stage: GenAI 'D1', matrix 'W2' (SOP-FO-01 §2.4)."
P-E011 v3,Karim Mansour,DMG,R-SOP-FO-01-003,SOP-FO-01 §3.1,Yes,Yes,Match,Yes,Yes,Match,Medium,Medium,Match,W2,D1,Mismatch,Front Office Operations,Front Office Operations,Match,SOP-FO-01,SOP-FO-01,Match,3.1,3.1,Match,,,,Yes,Yes,Match,No,Covered,Traced,Verified,"due stage: GenAI 'D1', matrix 'W2' (SOP-FO-01 §3.1)."
P-E011 v3,Karim Mansour,DMG,R-SOP-FO-01-004,SOP-FO-01 §3.3,Yes,Yes,Match,Yes,Yes,Match,Medium,Medium,Match,W2,D1,Mismatch,Front Office Operations,Front Office Operations,Match,SOP-FO-01,SOP-FO-01,Match,3.3,3.3,Match,,,,Yes,Yes,Match,No,Covered,Traced,Partially Verified,"due stage: GenAI 'D1', matrix 'W2' (SOP-FO-01 §3.3)."
P-E011 v3,Karim Mansour,DMG,R-SOP-FO-01-005,SOP-FO-01 §4.2,Yes,Yes,Match,Yes,Yes,Match,Medium,High,Mismatch,W2,D1,Mismatch,Front Office Operations,Front Office Operations,Match,SOP-FO-01,SOP-FO-01,Match,4.2,4.2,Match,,,,Yes,Yes,Match,No,Covered,Traced,Verified,"priority: GenAI 'High', matrix 'Medium'; due stage: GenAI 'D1', matrix 'W2' (SOP-FO-01 §4.2)."
P-E011 v3,Karim Mansour,DMG,R-SOP-FO-01-006,SOP-FO-01 §5.2,Yes,Yes,Match,Yes,Yes,Match,Medium,High,Mismatch,W2,D1,Mismatch,Front Office Operations,Front Office Operations,Match,SOP-FO-01,SOP-FO-01,Match,5.2,5.2,Match,,,,Yes,Yes,Match,No,Covered,Traced,Verified,"priority: GenAI 'High', matrix 'Medium'; due stage: GenAI 'D1', matrix 'W2' (SOP-FO-01 §5.2)."
P-E011 v3,Karim Mansour,DMG,R-SOP-FO-01-007,SOP-FO-01 §6.1,Yes,Yes,Match,Yes,Yes,Match,Medium,High,Mismatch,W1,D1,Mismatch,Front Office Operations,Front Office Operations,Match,SOP-FO-01,SOP-FO-01,Match,6.1,6.1,Match,,,,,,,No,Covered,Traced,Verified,"priority: GenAI 'High', matrix 'Medium'; due stage: GenAI 'D1', matrix 'W1' (SOP-FO-01 §6.1)."
P-E011 v3,Karim Mansour,DMG,R-SOP-FO-01-008,SOP-FO-01 §6.3,No,Yes,Mismatch,,,,,,,,,,,,,,,,,,,,,,,,,No,Included,Traced,Unsupported Requirement,"GenAI included R-SOP-FO-01-008, but the matrix does not expect it for this employee (another role or a condition that does not apply)."
P-E011 v3,Karim Mansour,DMG,R-SOP-FO-02-001,SOP-FO-02 §2.1,Yes,Yes,Match,Yes,Yes,Match,Medium,High,Mismatch,W2,W1,Mismatch,Night Audit,Night Audit,Match,SOP-FO-02,SOP-FO-02,Match,2.1,2.1,Match,,,,Yes,Yes,Match,No,Covered,Traced,Verified,"priority: GenAI 'High', matrix 'Medium'; due stage: GenAI 'W1', matrix 'W2' (SOP-FO-02 §2.1)."
P-E011 v3,Karim Mansour,DMG,R-SOP-FO-02-002,SOP-FO-02 §2.3,Yes,Yes,Match,Yes,Yes,Match,Medium,High,Mismatch,W2,W1,Mismatch,Night Audit,Night Audit,Match,SOP-FO-02,SOP-FO-02,Match,2.3,2.3,Match,,,,Yes,Yes,Match,No,Covered,Traced,Verified,"priority: GenAI 'High', matrix 'Medium'; due stage: GenAI 'W1', matrix 'W2' (SOP-FO-02 §2.3)."
P-E011 v3,Karim Mansour,DMG,R-SOP-FO-02-003,SOP-FO-02 §3.1,Yes,Yes,Match,Yes,Yes,Match,Medium,Medium,Match,W2,W1,Mismatch,Night Audit,Night Audit,Match,SOP-FO-02,SOP-FO-02,Match,3.1,3.1,Match,,,,Yes,Yes,Match,No,Covered,Traced,Verified,"due stage: GenAI 'W1', matrix 'W2' (SOP-FO-02 §3.1)."
P-E011 v3,Karim Mansour,DMG,R-SOP-FO-02-004,SOP-FO-02 §3.4,Yes,Yes,Match,Yes,Yes,Match,Medium,Medium,Match,W2,W1,Mismatch,Night Audit,Night Audit,Match,SOP-FO-02,SOP-FO-02,Match,3.4,3.4,Match,,,,Yes,Yes,Match,No,Covered,Traced,Verified,"due stage: GenAI 'W1', matrix 'W2' (SOP-FO-02 §3.4)."
P-E011 v3,Karim Mansour,DMG,R-SOP-FO-02-005,SOP-FO-02 §4.2,Yes,Yes,Match,Yes,Yes,Match,Medium,High,Mismatch,W2,W1,Mismatch,Night Audit,Night Audit,Match,SOP-FO-02,SOP-FO-02,Match,4.2,4.2,Match,,,,Yes,Yes,Match,No,Covered,Traced,Verified,"priority: GenAI 'High', matrix 'Medium'; due stage: GenAI 'W1', matrix 'W2' (SOP-FO-02 §4.2)."
P-E011 v3,Karim Mansour,DMG,R-SOP-FO-02-006,SOP-FO-02 §5.1,No,Yes,Mismatch,,,,,,,,,,,,,,,,,,,,,,,,,No,Included,Traced,Unsupported Requirement,"GenAI included R-SOP-FO-02-006, but the matrix does not expect it for this employee (another role or a condition that does not apply)."
P-E011 v3,Karim Mansour,DMG,R-SOP-GR-01-001,SOP-GR-01 §2.1,Yes,Yes,Match,Yes,Yes,Match,High,High,Match,D1,D1,Match,Guest Service Recovery,Guest Service Recovery,Match,SOP-GR-01,SOP-GR-01,Match,2.1,2.1,Match,,,,,,,Yes,Covered,Traced,Verified with Warning,GenAI and the matrix agree on every compared field.
P-E011 v3,Karim Mansour,DMG,R-SOP-GR-01-002,SOP-GR-01 §2.3,Yes,Yes,Match,Yes,Yes,Match,Medium,High,Mismatch,W2,D1,Mismatch,Guest Service Recovery,Guest Service Recovery,Match,SOP-GR-01,SOP-GR-01,Match,2.3,2.3,Match,,,,Yes,Yes,Match,No,Covered,Traced,Verified,"priority: GenAI 'High', matrix 'Medium'; due stage: GenAI 'D1', matrix 'W2' (SOP-GR-01 §2.3)."
P-E011 v3,Karim Mansour,DMG,R-SOP-GR-01-004,SOP-GR-01 §3.2,Yes,Yes,Match,Yes,Yes,Match,Medium,High,Mismatch,W2,D1,Mismatch,Guest Service Recovery,Guest Service Recovery,Match,SOP-GR-01,SOP-GR-01,Match,3.2,3.2,Match,,,,Yes,Yes,Match,No,Covered,Traced,Verified,"priority: GenAI 'High', matrix 'Medium'; due stage: GenAI 'D1', matrix 'W2' (SOP-GR-01 §3.2)."
P-E011 v3,Karim Mansour,DMG,R-SOP-GR-01-006,SOP-GR-01 §5.1,Yes,Yes,Match,Yes,Yes,Match,High,High,Match,W1,D1,Mismatch,Guest Service Recovery,Guest Service Recovery,Match,SOP-GR-01,SOP-GR-01,Match,5.1,5.1,Match,,,,Yes,Yes,Match,No,Covered,Traced,Verified,"due stage: GenAI 'D1', matrix 'W1' (SOP-GR-01 §5.1)."
P-E011 v3,Karim Mansour,DMG,R-SOP-HK-02-001,SOP-HK-02 §2.1,Yes,Yes,Match,Yes,Yes,Match,Medium,Medium,Match,W2,W1,Mismatch,Housekeeping Operations,Housekeeping Operations,Match,SOP-HK-02,SOP-HK-02,Match,2.1,2.1,Match,,,,Yes,Yes,Match,No,Covered,Traced,Outdated Source,"due stage: GenAI 'W1', matrix 'W2' (SOP-HK-02 §2.1)."
P-E011 v3,Karim Mansour,DMG,R-SOP-HK-02-002,SOP-HK-02 §2.3,Yes,Yes,Match,Yes,Yes,Match,Medium,High,Mismatch,W2,W1,Mismatch,Housekeeping Operations,Housekeeping Operations,Match,SOP-HK-02,SOP-HK-02,Match,2.3,2.3,Match,,,,Yes,Yes,Match,No,Covered,Traced,Outdated Source,"priority: GenAI 'High', matrix 'Medium'; due stage: GenAI 'W1', matrix 'W2' (SOP-HK-02 §2.3)."
P-E011 v3,Karim Mansour,DMG,R-SOP-HK-02-003,SOP-HK-02 §3.1,Yes,Yes,Match,Yes,Yes,Match,Medium,Low,Mismatch,W2,D30,Mismatch,Housekeeping Operations,Housekeeping Operations,Match,SOP-HK-02,SOP-HK-02,Match,3.1,3.1,Match,,,,Yes,Yes,Match,No,Covered,Traced,Outdated Source,"priority: GenAI 'Low', matrix 'Medium'; due stage: GenAI 'D30', matrix 'W2' (SOP-HK-02 §3.1)."
P-E011 v3,Karim Mansour,DMG,R-SOP-HK-02-004,SOP-HK-02 §3.4,Yes,Yes,Match,Yes,Yes,Match,Medium,Medium,Match,W2,W1,Mismatch,General,Housekeeping Operations,Mismatch,SOP-HK-02,SOP-HK-02,Match,3.4,3.4,Match,,,,Yes,Yes,Match,No,Covered,Traced,Outdated Source,"due stage: GenAI 'W1', matrix 'W2'; module category: GenAI 'Housekeeping Operations', matrix 'General' (SOP-HK-02 §3.4)."
P-E011 v3,Karim Mansour,DMG,R-SOP-HK-02-005,SOP-HK-02 §4.1,Yes,Yes,Match,No,No,Match,Low,Low,Match,D30,D30,Match,General,Housekeeping Operations,Mismatch,SOP-HK-02,SOP-HK-02,Match,4.1,4.1,Match,,,,,,,No,Included,Traced,Outdated Source,"module category: GenAI 'Housekeeping Operations', matrix 'General' (SOP-HK-02 §4.1)."
